Exchange,Symbol,Name,LastSale,MarketCap,IPOyear,Sector,industry,Summary Quote,Financials,USSIF_Financials,USSIF_ESG,WaterDataset,CarbonEmissions,GlobalEmissions,HRC,ForestRisk,Headquarters,1a_Sexual_Orientation,1b_Gender_Identity,1c_Contractor_Standards,2a_Spousal_Benefits,2b_Parity_Spousal_Benefits,2c_Trans_Inclusive_Healthcare,3a_Org Competency,3b_ERG,4_Positive_LGBTQ_Engagmt,Negative_LGBTQ_Demerit,2017_CEI_Score,2016_CEI_Score,Fortune_1000_Rank
NYSE,MMM,3M Company,217.72,$129.93B,n/a,Health Care,Medical/Dental Instruments,http://www.nasdaq.com/symbol/mmm,1,0,0,1,0,1,1,0,"St. Paul, MN",F,F,F,F,F,F,F,F,F,,100,100,98
NYSE,SHW,Sherwin-Williams Company (The),385.84,$36.04B,n/a,Consumer Services,RETAIL: Building Materials,http://www.nasdaq.com/symbol/shw,1,0,0,1,1,0,1,0,"Cleveland, OH",P,P,N,N,N,N,N,N,N,,20,20,266
NasDaq,SIRI,Sirius XM Holdings Inc.,5.71,$26.34B,n/a,Consumer Services,Broadcasting,http://www.nasdaq.com/symbol/siri,1,0,0,0,0,0,1,0,"New York, NY",F,F,F,F,F,F,F,F,F,,100,100,
NasDaq,SKYW,"SkyWest, Inc.",46.65,$2.42B,1986,Transportation,Air Freight/Delivery Services,http://www.nasdaq.com/symbol/skyw,1,0,0,0,1,0,1,0,"St. George, UT",F,F,F,F,F,N,F,F,F,,90,90,
NYSE,SAH,"Sonic Automotive, Inc.",20.35,$892.58M,1997,Consumer Durables,Automotive Aftermarket,http://www.nasdaq.com/symbol/sah,1,0,0,0,0,0,1,0,"Charlotte, NC",N,N,N,N,N,N,N,N,N,,0,0,315
NYSE,SON,Sonoco Products Company,51.64,$5.13B,n/a,Consumer Durables,Containers/Packaging,http://www.nasdaq.com/symbol/son,1,0,0,0,0,0,1,0,"Hartsville, SC",F,F,F,F,F,N,N,F,F,,80,,516
NYSE,LUV,Southwest Airlines Company,59.12,$35.39B,n/a,Transportation,Air Freight/Delivery Services,http://www.nasdaq.com/symbol/luv,1,0,0,0,1,0,1,0,"Dallas, TX",F,F,F,F,F,F,F,F,F,,100,100,161
NasDaq,SPTN,SpartanNash Company,25.53,$951.52M,n/a,Consumer Non-Durables,Food Distributors,http://www.nasdaq.com/symbol/sptn,1,0,0,0,0,0,1,0,"Grand Rapids, MI",N,N,N,N,N,N,N,N,N,,10,,359
NYSE,SPR,"Spirit Aerosystems Holdings, Inc.",79.54,$9.41B,2006,Capital Goods,Military/Government/Technical,http://www.nasdaq.com/symbol/spr,1,0,0,0,0,0,1,0,"Wichita, KS",N,N,N,N,N,N,N,N,N,,0,,396
NYSE,S,Sprint Corporation,7.12,$28.46B,2013,Public Utilities,Telecommunications Equipment,http://www.nasdaq.com/symbol/s,1,0,0,1,0,0,1,0,"Overland Park, KS",F,F,F,F,F,F,F,F,F,,100,100,
NasDaq,SBUX,Starbucks Corporation,55.72,$80.45B,1992,Consumer Services,Restaurants,http://www.nasdaq.com/symbol/sbux,1,0,0,1,0,1,1,0,"Seattle, WA",F,F,F,F,F,F,F,F,F,,100,100,187
NasDaq,STLD,"Steel Dynamics, Inc.",36.92,$8.86B,1996,Basic Industries,Steel/Iron Ore,http://www.nasdaq.com/symbol/stld,1,0,0,0,0,0,1,0,"Fort Wayne, IN",P,P,N,N,N,N,N,N,N,,20,20,326
NYSE,SCS,Steelcase Inc.,15.4,$1.79B,1998,Consumer Durables,Office Equipment/Supplies/Services,http://www.nasdaq.com/symbol/scs,1,0,0,0,0,0,1,0,"Grand Rapids, MI",F,F,F,F,F,F,F,F,F,,100,100,759
NYSE,SYK,Stryker Corporation,146.69,$54.87B,n/a,Health Care,Medical/Dental Instruments,http://www.nasdaq.com/symbol/syk,1,0,0,0,0,1,1,0,"Kalamazoo, MI",F,F,F,F,F,F,F,F,F,,100,80,300
NasDaq,SPWR,SunPower Corporation,6.96,$970.86M,2005,Technology,Semiconductors,http://www.nasdaq.com/symbol/spwr,1,0,0,0,0,0,1,0,"San Jose, CA",F,F,F,F,F,F,N,P,P,,75,75,748
NYSE,SVU,SuperValu Inc.,20.2,$774.69M,n/a,Consumer Non-Durables,Food Distributors,http://www.nasdaq.com/symbol/svu,1,0,0,0,0,0,1,0,"Eden Prairie, MN",F,F,N,F,F,F,N,F,P,,80,80,164
NasDaq,SYMC,Symantec Corporation,32.36,$19.89B,1989,Technology,Computer Software: Prepackaged Software,http://www.nasdaq.com/symbol/symc,1,0,0,1,0,0,1,0,"Mountain View, CA",F,F,F,F,F,F,F,F,F,,100,100,405
NYSE,SYF,Synchrony Financial,30.82,$24.51B,2014,Finance,Finance: Consumer Services,http://www.nasdaq.com/symbol/syf,1,0,0,0,0,0,1,0,"Stamford, CT",F,F,F,F,F,F,F,F,F,,100,100,
NYSE,SNX,Synnex Corporation,132.78,$5.31B,2003,Technology,Retail: Computer Software & Peripheral Equipment,http://www.nasdaq.com/symbol/snx,1,0,0,0,0,0,1,0,"Fremont, CA",F,F,N,F,N,N,N,N,N,,40,40,220
NYSE,SYY,Sysco Corporation,54.45,$28.46B,n/a,Consumer Non-Durables,Food Distributors,http://www.nasdaq.com/symbol/syy,1,0,0,1,0,1,1,0,"Houston, TX",F,F,F,F,F,N,F,F,P,,80,70,61
NasDaq,TROW,"T. Rowe Price Group, Inc.",94.94,$22.82B,1986,Finance,Investment Bankers/Brokers/Service,http://www.nasdaq.com/symbol/trow,1,0,0,0,0,0,1,0,"Baltimore, MD",F,F,F,F,F,F,F,F,F,,100,95,620
NYSE,TGT,Target Corporation,60.85,$33.24B,n/a,Consumer Services,Department/Specialty Retail Stores,http://www.nasdaq.com/symbol/tgt,1,0,0,1,0,1,1,0,"Minneapolis, MN",F,F,F,F,F,F,F,F,F,,100,100,36
NasDaq,AMTD,TD Ameritrade Holding Corporation,47.31,$26.74B,1997,Finance,Investment Bankers/Brokers/Service,http://www.nasdaq.com/symbol/amtd,1,0,0,0,0,0,1,0,"Omaha, NE",F,F,F,F,F,F,F,F,F,,100,100,727
NYSE,TEL,TE Connectivity Ltd.,87.74,$31.01B,n/a,Consumer Non-Durables,Electronic Components,http://www.nasdaq.com/symbol/tel,1,0,0,1,0,0,1,0,"Berwyn, PA",F,F,F,F,F,F,F,F,F,,100,90,
NasDaq,TECD,Tech Data Corporation,93.38,$3.56B,1986,Technology,Retail: Computer Software & Peripheral Equipment,http://www.nasdaq.com/symbol/tecd,1,0,0,0,0,0,1,0,"Clearwater, FL",F,F,F,F,F,F,F,F,F,,100,100,107
NYSE,TGNA,TEGNA Inc.,12.64,$2.72B,n/a,Consumer Services,Broadcasting,http://www.nasdaq.com/symbol/tgna,1,0,0,0,0,0,1,0,"McLean, VA",F,F,F,F,F,F,F,F,F,,100,95,441
NYSE,THC,Tenet Healthcare Corporation,13.15,$1.33B,n/a,Health Care,Hospital/Nursing Management,http://www.nasdaq.com/symbol/thc,1,0,0,0,0,0,1,0,"Dallas, TX",F,F,N,F,F,N,N,P,F,,70,65,170
NYSE,TEN,Tenneco Inc.,61.5,$3.27B,n/a,Capital Goods,Auto Parts:O.E.M.,http://www.nasdaq.com/symbol/ten,1,0,0,0,0,0,1,0,"Lake Forest, IL",P,P,N,N,N,N,N,N,N,,20,10,341
NYSE,TEX,Terex Corporation,45.72,$4.09B,n/a,Capital Goods,Construction/Ag Equipment/Trucks,http://www.nasdaq.com/symbol/tex,1,0,0,0,0,0,1,0,"Westport, CT",P,P,N,F,F,N,N,N,N,,35,35,377
NasDaq,TSLA,"Tesla, Inc.",355.57,$59.34B,2010,Capital Goods,Auto Manufacturing,http://www.nasdaq.com/symbol/tsla,1,0,0,0,0,0,1,0,"Palo Alto, CA",F,F,F,F,F,F,F,F,F,,100,100,717
NasDaq,TSRO,"TESARO, Inc.",123,$6.66B,2012,Health Care,Major Pharmaceuticals,http://www.nasdaq.com/symbol/tsro,1,0,0,0,0,0,1,0,"San Antonio, TX",P,P,N,F,F,N,N,N,N,,40,20,77
NasDaq,TXN,Texas Instruments Incorporated,93.59,$92.66B,n/a,Technology,Semiconductors,http://www.nasdaq.com/symbol/txn,1,0,0,1,0,1,1,0,"Dallas, TX",F,F,F,F,F,F,F,F,F,,100,85,233
NYSE,TXT,Textron Inc.,53.26,$14.1B,n/a,Capital Goods,Aerospace,http://www.nasdaq.com/symbol/txt,1,0,0,1,0,0,1,0,"Providence, RI",F,N,F,F,F,N,N,P,P,,55,55,219
NasDaq,ABCO,The Advisory Board Company,53.9,$2.2B,2001,Consumer Services,Other Consumer Services,http://www.nasdaq.com/symbol/abco,1,0,0,0,0,0,1,0,"Washington, DC",F,F,F,F,F,F,F,F,F,,100,,
NasDaq,HAIN,"The Hain Celestial Group, Inc.",41.81,$4.34B,n/a,Consumer Non-Durables,Packaged Foods,http://www.nasdaq.com/symbol/hain,1,0,0,0,0,0,1,1,"Lake Success, NY",F,F,F,F,F,N,F,F,F,,90,90,967
NYSE,TMO,Thermo Fisher Scientific Inc,192.42,$77.01B,n/a,Capital Goods,Industrial Machinery/Components,http://www.nasdaq.com/symbol/tmo,1,0,0,1,0,1,1,0,"Waltham, MA",F,F,F,F,F,F,F,F,F,,100,100,181
NYSE,TRI,Thomson Reuters Corp,46.81,$33.44B,n/a,Consumer Services,Publishing,http://www.nasdaq.com/symbol/tri,1,0,0,0,0,1,1,0,"New York, NY",F,F,F,F,F,F,F,F,F,,100,100,
NYSE,TIF,Tiffany & Co.,94.4,$11.75B,1987,Consumer Services,Consumer Specialties,http://www.nasdaq.com/symbol/tif,1,0,0,0,0,0,1,0,"New York, NY",F,F,F,F,F,F,F,F,P,,95,95,597
NYSE,TWX,Time Warner Inc.,100.94,$78.51B,n/a,Consumer Services,Television Services,http://www.nasdaq.com/symbol/twx,1,0,0,0,0,1,1,0,"New York, NY",F,F,F,F,F,F,F,F,F,,100,100,104
NYSE,TJX,"TJX Companies, Inc. (The)",72.07,$45.86B,n/a,Consumer Services,Clothing/Shoe/Accessory Stores,http://www.nasdaq.com/symbol/tjx,1,0,0,0,0,1,1,0,"Framingham, MA",F,F,F,F,F,F,F,F,F,,100,100,103
NasDaq,TSCO,Tractor Supply Company,58.82,$7.45B,1994,Consumer Services,RETAIL: Building Materials,http://www.nasdaq.com/symbol/tsco,1,0,0,0,0,0,1,0,"Brentwood, TN",N,N,N,N,N,N,N,N,N,,0,0,460
NYSE,TRN,"Trinity Industries, Inc.",34.01,$5.15B,n/a,Capital Goods,Railroads,http://www.nasdaq.com/symbol/trn,1,0,0,0,0,0,1,0,"Dallas, TX",P,N,N,N,N,N,N,N,N,,10,,433
NasDaq,FOXA,"Twenty-First Century Fox, Inc.",26.52,$32.38B,n/a,Consumer Services,Television Services,http://www.nasdaq.com/symbol/foxa,1,0,0,0,0,1,1,0,"New York, NY",P,N,N,N,N,N,N,N,N,,10,10,97
NYSE,TWTR,"Twitter, Inc.",18.63,$13.75B,2013,Technology,"Computer Software: Programming, Data Processing",http://www.nasdaq.com/symbol/twtr,1,0,0,0,0,0,1,0,"San Francisco, CA",F,F,F,F,F,F,F,F,F,,100,100,
NYSE,TSN,"Tyson Foods, Inc.",70.21,$25.22B,n/a,Consumer Non-Durables,Meat/Poultry/Fish,http://www.nasdaq.com/symbol/tsn,1,0,0,0,1,0,1,0,"Springdale, AR",F,F,F,F,F,F,F,F,F,,100,85,83
NYSE,UGI,UGI Corporation,47.4,$8.22B,n/a,Public Utilities,Natural Gas Distribution,http://www.nasdaq.com/symbol/ugi,1,0,0,0,0,0,1,0,"King of Prussia, PA",P,P,N,N,N,N,N,N,N,,20,20,349
NYSE,UA,"Under Armour, Inc.",14.95,$6.59B,2016,Consumer Non-Durables,Apparel,http://www.nasdaq.com/symbol/ua,1,0,0,0,0,0,1,0,"Baltimore, MD",F,F,F,F,F,F,F,F,P,,95,20,739
NasDaq,UBSH,Union Bankshares Corporation,35.11,$1.53B,n/a,Finance,Major Banks,http://www.nasdaq.com/symbol/ubsh,1,0,0,0,0,0,1,0,"New York, NY",F,F,F,F,F,F,F,F,F,,100,100,
NYSE,UNP,Union Pacific Corporation,112.28,$89.87B,n/a,Transportation,Railroads,http://www.nasdaq.com/symbol/unp,1,0,0,1,0,1,1,0,"Omaha, NE",F,F,F,F,F,N,F,F,P,,85,85,123
NYSE,UIS,Unisys Corporation,8.9,$449.18M,n/a,Technology,EDP Services,http://www.nasdaq.com/symbol/uis,1,0,0,0,0,0,1,0,"Blue Bell, PA",P,P,N,N,N,N,N,F,N,,30,30,696
NYSE,UAL,"United Continental Holdings, Inc.",67.57,$20.56B,n/a,Transportation,Air Freight/Delivery Services,http://www.nasdaq.com/symbol/ual,1,0,0,0,1,0,1,0,"Chicago, IL",F,F,F,F,F,F,F,F,F,,100,100,79
NasDaq,UNFI,"United Natural Foods, Inc.",40.48,$2.05B,1996,Consumer Non-Durables,Food Distributors,http://www.nasdaq.com/symbol/unfi,1,0,0,0,0,0,1,0,"Providence, RI",P,N,N,N,N,N,N,N,N,,10,10,397
NYSE,UPS,"United Parcel Service, Inc.",118.36,$102.5B,1999,Transportation,Trucking Freight/Courier Services,http://www.nasdaq.com/symbol/ups,1,0,0,1,0,1,1,0,"Atlanta, GA",F,F,F,F,F,F,F,F,F,,100,90,47
NYSE,URI,"United Rentals, Inc.",144.21,$12.19B,1997,Technology,Diversified Commercial Services,http://www.nasdaq.com/symbol/uri,1,0,0,0,0,0,1,0,"Stamford, CT",P,P,N,N,N,N,N,N,N,,20,,461
NYSE,X,United States Steel Corporation,27.36,$4.79B,n/a,Basic Industries,Steel/Iron Ore,http://www.nasdaq.com/symbol/x,1,0,0,0,1,0,1,0,"Pittsburgh, PA",P,N,N,N,N,N,N,N,N,,10,10,176
NYSE,UTX,United Technologies Corporation,118.72,$94.8B,n/a,Capital Goods,Aerospace,http://www.nasdaq.com/symbol/utx,1,0,0,0,1,1,1,0,"Farmington, CT",F,F,F,F,F,F,F,F,F,,100,95,45
NYSE,UNH,UnitedHealth Group Incorporated,192.52,$186.14B,n/a,Health Care,Medical Specialities,http://www.nasdaq.com/symbol/unh,1,0,0,0,0,1,1,0,"Minnetonka, MN",F,F,F,F,F,F,F,F,P,,95,95,14
NYSE,UHS,"Universal Health Services, Inc.",105.55,$10.1B,n/a,Health Care,Hospital/Nursing Management,http://www.nasdaq.com/symbol/uhs,1,0,0,0,0,0,1,0,"King of Prussia, PA",P,N,N,N,N,N,N,N,N,,10,10,324
NYSE,UNM,Unum Group,51.97,$11.73B,n/a,Finance,Accident &Health Insurance,http://www.nasdaq.com/symbol/unm,1,0,0,0,0,0,1,0,"Chattanooga, TN",F,F,F,F,F,N,F,P,P,,80,60,279
NasDaq,URBN,"Urban Outfitters, Inc.",22.54,$2.48B,1993,Consumer Services,Clothing/Shoe/Accessory Stores,http://www.nasdaq.com/symbol/urbn,1,0,0,0,0,0,1,0,"Philadelphia, PA",F,F,F,F,F,F,N,F,P,,85,10,701
NYSE,USG,USG Corporation,32.88,$4.72B,n/a,Capital Goods,Building Materials,http://www.nasdaq.com/symbol/usg,1,0,0,0,0,0,1,0,"Chicago, IL",F,F,F,F,F,N,N,P,P,,65,65,653
NYSE,VLO,Valero Energy Corporation,78.08,$34.49B,n/a,Energy,Integrated oil Companies,http://www.nasdaq.com/symbol/vlo,1,0,0,0,0,1,1,0,"San Antonio, TX",P,P,N,N,N,N,N,N,N,,20,10,13
NasDaq,VIAB,Viacom Inc.,26,$9.03B,n/a,Consumer Services,Television Services,http://www.nasdaq.com/symbol/viab,1,0,0,0,0,1,1,0,"New York, NY",F,F,F,F,F,F,F,F,F,,100,100,222
NYSE,V,Visa Inc.,108.66,$248.48B,n/a,Miscellaneous,Business Services,http://www.nasdaq.com/symbol/v,1,0,0,0,0,1,1,0,"Foster City, CA",F,F,F,F,F,F,F,F,F,,100,100,238
NYSE,VC,Visteon Corporation,123.89,$3.86B,n/a,Capital Goods,Auto Parts:O.E.M.,http://www.nasdaq.com/symbol/vc,1,0,0,1,0,0,1,0,"Van Buren Township, MI",F,F,F,F,F,F,F,F,P,,95,95,344
NYSE,VMW,"Vmware, Inc.",113.62,$46.46B,2007,Technology,Computer Software: Prepackaged Software,http://www.nasdaq.com/symbol/vmw,1,0,0,0,0,0,1,0,"Palo Alto, CA",F,F,F,F,F,F,F,F,P,,95,,
NYSE,VOYA,"Voya Financial, Inc.",39.84,$7.16B,2013,Finance,Life Insurance,http://www.nasdaq.com/symbol/voya,1,0,0,0,0,0,1,0,"New York, NY",F,F,F,F,F,F,F,F,F,,100,100,268
NYSE,WRB,W.R. Berkley Corporation,67.41,$8.18B,n/a,Finance,Property-Casualty Insurers,http://www.nasdaq.com/symbol/wrb,1,0,0,0,0,0,1,0,"Greenwich, CT",P,P,N,N,N,N,N,N,N,,20,20,385
NYSE,GWW,"W.W. Grainger, Inc.",181.05,$10.44B,n/a,Consumer Services,Office Equipment/Supplies/Services,http://www.nasdaq.com/symbol/gww,1,0,0,0,0,0,1,0,"Lake Forest, IL",F,F,F,F,F,F,F,F,F,,100,100,290
NYSE,WDR,"Waddell & Reed Financial, Inc.",20.42,$1.71B,1998,Finance,Investment Bankers/Brokers/Service,http://www.nasdaq.com/symbol/wdr,1,0,0,0,0,0,1,0,"Overland Park, KS",F,F,F,F,F,F,N,P,P,,80,75,
NasDaq,WBA,"Walgreens Boots Alliance, Inc.",67.56,$72.3B,n/a,Health Care,Medical/Nursing Services,http://www.nasdaq.com/symbol/wba,1,0,0,0,0,0,1,0,"Deerfield, IL",F,F,F,F,F,F,F,F,F,,100,100,35
NYSE,WMT,"Wal-Mart Stores, Inc.",86.62,$258.75B,n/a,Consumer Services,Department/Specialty Retail Stores,http://www.nasdaq.com/symbol/wmt,1,0,0,1,1,1,1,0,"Bentonville, AR",F,F,F,F,F,F,F,F,F,,100,90,1
NYSE,DIS,Walt Disney Company (The),97.38,$150.3B,n/a,Consumer Services,Television Services,http://www.nasdaq.com/symbol/dis,1,0,0,0,0,1,1,0,"Burbank, CA",F,F,F,F,F,F,F,F,F,,100,100,57
NYSE,WM,"Waste Management, Inc.",77.02,$33.89B,n/a,Public Utilities,Environmental Services,http://www.nasdaq.com/symbol/wm,1,0,0,1,0,1,1,0,"Houston, TX",F,F,F,F,F,N,F,F,F,,90,90,217
NYSE,WEC,"WEC Energy Group, Inc.",65.1,$20.54B,n/a,Public Utilities,Power Generation,http://www.nasdaq.com/symbol/wec,1,0,0,0,0,0,1,0,"Milwaukee, WI",F,F,F,F,F,N,N,F,P,,75,60,519
NYSE,WCG,"WellCare Health Plans, Inc.",168.64,$7.51B,2004,Health Care,Medical Specialities,http://www.nasdaq.com/symbol/wcg,1,0,0,0,0,0,1,0,"Tampa, FL",P,P,N,N,N,N,N,N,N,,20,20,234
NasDaq,WEN,Wendy&#39;s Company (The),15.35,$3.74B,n/a,Consumer Services,Restaurants,http://www.nasdaq.com/symbol/wen,1,0,0,0,0,0,1,0,"Dublin, OH",F,F,N,F,F,N,N,F,P,,70,65,993
NYSE,WCC,"WESCO International, Inc.",58.85,$2.82B,1999,Consumer Non-Durables,Telecommunications Equipment,http://www.nasdaq.com/symbol/wcc,1,0,0,0,0,0,1,0,"Pittsburgh, PA",F,F,F,F,F,N,N,N,N,,55,10,360
NasDaq,WDC,Western Digital Corporation,87.8,$25.92B,n/a,Technology,Electronic Components,http://www.nasdaq.com/symbol/wdc,1,0,0,1,0,0,1,0,"Irvine, CA",P,P,N,N,N,N,N,N,N,,20,20,205
NYSE,WU,Western Union Company (The),19.79,$9.18B,n/a,Miscellaneous,Business Services,http://www.nasdaq.com/symbol/wu,1,0,0,1,0,0,1,0,"Englewood, CO",P,P,N,N,N,N,N,N,N,,20,20,468
NYSE,WRK,Westrock Company,58.86,$14.95B,2015,Consumer Durables,Containers/Packaging,http://www.nasdaq.com/symbol/wrk,1,0,0,0,0,0,1,0,"Norcross, GA",F,F,F,F,F,N,N,P,P,,70,,
NYSE,WY,Weyerhaeuser Company,34.9,$26.28B,n/a,Consumer Services,Real Estate Investment Trusts,http://www.nasdaq.com/symbol/wy,1,0,0,0,0,0,1,1,"Federal Way, WA",F,F,F,F,F,F,F,F,P,,95,95,355
NYSE,WHR,Whirlpool Corporation,178.78,$13.05B,n/a,Consumer Durables,Consumer Electronics/Appliances,http://www.nasdaq.com/symbol/whr,1,0,0,1,0,0,1,0,"Benton Harbor, MI",F,F,F,F,F,F,F,F,F,,100,100,148
NYSE,WMB,"Williams Companies, Inc. (The)",29.87,$24.69B,n/a,Public Utilities,Natural Gas Distribution,http://www.nasdaq.com/symbol/wmb,1,0,0,0,0,1,1,0,"Tulsa, OK",F,F,F,F,F,N,N,F,F,,80,85,370
NasDaq,WLTW,Willis Towers Watson Public Limited Company,157.59,$21.16B,n/a,Finance,Specialty Insurers,http://www.nasdaq.com/symbol/wltw,1,0,0,0,0,0,1,0,"Arlington, VA",F,F,F,F,F,F,F,F,F,,100,100,676
NasDaq,WIN,"Windstream Holdings, Inc.",2.06,$393.11M,n/a,Public Utilities,Telecommunications Equipment,http://www.nasdaq.com/symbol/win,1,0,0,0,0,0,1,0,"Little Rock, AR",P,P,N,N,N,N,N,N,N,,20,20,452
NYSE,INT,World Fuel Services Corporation,35.67,$2.44B,n/a,Energy,Oil Refining/Marketing,http://www.nasdaq.com/symbol/int,1,0,0,0,0,0,1,0,"Miami, FL",P,P,N,N,N,N,N,N,N,,20,20,68
NYSE,WYN,Wyndham Worldwide Corp,110.37,$11.34B,n/a,Consumer Services,Hotels/Resorts,http://www.nasdaq.com/symbol/wyn,1,0,0,0,0,0,1,0,"Parsippany, NJ",F,F,F,F,F,F,F,F,F,,100,95,497
NasDaq,WYNN,"Wynn Resorts, Limited",142.33,$14.6B,2002,Consumer Services,Hotels/Resorts,http://www.nasdaq.com/symbol/wynn,1,0,0,0,0,0,1,0,"Las Vegas, NV",F,F,F,F,F,F,F,F,F,,100,100,477
NYSE,XEL,Xcel Energy Inc.,48.61,$24.68B,n/a,Public Utilities,Power Generation,http://www.nasdaq.com/symbol/xel,1,0,0,0,0,0,1,0,"Minneapolis, MN",F,F,F,F,F,F,F,F,F,,100,90,255
NYSE,XRX,Xerox Corporation,33.01,$8.39B,n/a,Technology,Computer peripheral equipment,http://www.nasdaq.com/symbol/xrx,1,0,0,0,0,0,1,0,"Norwalk, CT",F,F,F,F,F,F,F,F,F,,100,100,143
NYSE,XYL,Xylem Inc.,64.71,$11.62B,2011,Capital Goods,Fluid Controls,http://www.nasdaq.com/symbol/xyl,1,0,0,1,0,0,1,0,"Rye Brook, NY",F,F,F,F,F,N,N,P,P,,65,65,626
NYSE,YELP,Yelp Inc.,43.65,$3.57B,2012,Consumer Services,Other Consumer Services,http://www.nasdaq.com/symbol/yelp,1,0,0,0,0,0,1,0,"San Francisco, CA",F,F,F,F,F,F,F,F,F,,100,100,
NasDaq,YRCW,"YRC Worldwide, Inc.",12.69,$425.52M,n/a,Transportation,Trucking Freight/Courier Services,http://www.nasdaq.com/symbol/yrcw,1,0,0,0,0,0,1,0,"Overland Park, KS",P,N,F,N,N,N,N,N,P,,20,20,510
NYSE,YUM,"Yum! Brands, Inc.",76.2,$26.27B,n/a,Consumer Services,Restaurants,http://www.nasdaq.com/symbol/yum,1,0,0,0,0,1,1,0,"Louisville, KY",F,F,F,F,F,N,N,F,F,,80,80,228
NYSE,ABT,Abbott Laboratories,54.65,$94.95B,n/a,Health Care,Major Pharmaceuticals,http://www.nasdaq.com/symbol/abt,1,0,0,1,0,1,1,0,"Abbott Park, IL",F,F,F,F,F,N,N,F,P,,75,75,134
NYSE,ABBV,AbbVie Inc.,90.67,$144.54B,2012,Health Care,Major Pharmaceuticals,http://www.nasdaq.com/symbol/abbv,1,0,0,0,0,0,1,0,"North Chicago, IL",F,F,F,F,F,F,F,F,F,,100,100,146
NYSE,ACN,Accenture plc,139.2,$89.51B,2001,Miscellaneous,Business Services,http://www.nasdaq.com/symbol/acn,1,0,0,0,0,0,1,0,"New York, NY",F,F,F,F,F,F,F,F,F,,100,100,
NasDaq,ADBE,Adobe Systems Incorporated,153.93,$75.88B,1986,Technology,Computer Software: Prepackaged Software,http://www.nasdaq.com/symbol/adbe,1,0,0,0,0,1,1,0,"San Jose, CA",F,F,F,F,F,F,F,F,F,,100,100,605
NYSE,AAP,Advance Auto Parts Inc,85.51,$6.32B,n/a,Consumer Services,Other Specialty Stores,http://www.nasdaq.com/symbol/aap,1,0,0,0,0,0,1,0,"Roanoke, VA",P,P,N,N,N,N,N,N,N,,20,20,294
NasDaq,AMD,"Advanced Micro Devices, Inc.",14.22,$13.46B,n/a,Technology,Semiconductors,http://www.nasdaq.com/symbol/amd,1,0,0,1,0,0,1,0,"Sunnyvale, CA",F,F,F,F,F,F,F,F,F,,100,80,473
NYSE,ACM,AECOM,35.69,$5.59B,2007,Consumer Services,Military/Government/Technical,http://www.nasdaq.com/symbol/acm,1,0,0,0,0,0,1,0,"Los Angeles, CA",F,F,F,F,F,N,F,F,P,,85,85,343
NYSE,AES,The AES Corporation,11.25,$7.43B,n/a,Basic Industries,Electric Utilities: Central,http://www.nasdaq.com/symbol/aes,1,0,0,0,0,0,1,0,"Arlington, VA",N,N,N,N,N,N,N,N,N,,0,0,178
NYSE,AET,Aetna Inc.,153.06,$50.83B,n/a,Health Care,Medical Specialities,http://www.nasdaq.com/symbol/aet,1,0,0,0,0,1,1,0,"Hartford, CT",F,F,F,F,F,F,F,F,F,,100,100,49
NYSE,AGCO,AGCO Corporation,71.48,$5.69B,n/a,Capital Goods,Industrial Machinery/Components,http://www.nasdaq.com/symbol/agco,1,0,0,0,0,0,1,0,"Duluth, GA",P,N,N,N,N,N,N,N,N,,10,10,296
NYSE,A,"Agilent Technologies, Inc.",66.99,$21.56B,1999,Capital Goods,Biotechnology: Laboratory Analytical Instruments,http://www.nasdaq.com/symbol/a,1,0,0,0,0,0,1,0,"Santa Clara, CA",F,F,F,F,F,F,F,P,F,,95,90,389
NYSE,APD,"Air Products and Chemicals, Inc.",153.46,$33.45B,n/a,Basic Industries,Major Chemicals,http://www.nasdaq.com/symbol/apd,1,0,0,0,1,1,1,0,"Allentown, PA",F,F,F,F,F,F,F,F,F,,100,95,284
NYSE,AKS,AK Steel Holding Corporation,5.8,$1.83B,n/a,Basic Industries,Steel/Iron Ore,http://www.nasdaq.com/symbol/aks,1,0,0,0,0,0,1,0,"West Chester, OH",P,P,N,N,N,N,N,N,N,,20,20,415
NasDaq,AKAM,"Akamai Technologies, Inc.",50.76,$8.7B,1999,Miscellaneous,Business Services,http://www.nasdaq.com/symbol/akam,1,0,0,1,0,0,1,0,"Cambridge, MA",F,F,F,F,F,F,F,F,F,,100,75,
NYSE,ALK,"Alaska Air Group, Inc.",80.96,$10B,n/a,Transportation,Air Freight/Delivery Services,http://www.nasdaq.com/symbol/alk,1,0,0,0,1,0,1,0,"Seattle, WA",F,F,F,F,F,F,F,F,F,,100,100,484
NYSE,AA,Alcoa Corporation,47.71,$8.79B,2016,Basic Industries,Aluminum,http://www.nasdaq.com/symbol/aa,1,0,0,0,1,0,1,0,"Chicago, IL",F,F,F,F,F,F,F,F,F,,100,100,125
NYSE,Y,Alleghany Corporation,547.72,$8.45B,n/a,Finance,Property-Casualty Insurers,http://www.nasdaq.com/symbol/y,1,0,0,0,0,0,1,0,"New York, NY",P,P,N,N,N,N,N,N,N,,20,20,499
NYSE,ADS,Alliance Data Systems Corporation,230.86,$12.81B,2001,Miscellaneous,Business Services,http://www.nasdaq.com/symbol/ads,1,0,0,0,0,0,1,0,"Plano, TX",F,F,F,F,F,N,F,P,P,,80,,494
NYSE,AOI,"Alliance One International, Inc.",11.8,$105.91M,n/a,Consumer Services,Farming/Seeds/Milling,http://www.nasdaq.com/symbol/aoi,1,0,0,0,0,0,1,0,"Morrisville, NC",F,F,F,N,F,N,N,P,P,,55,,912
NYSE,LNT,Alliant Energy Corporation,43.05,$9.95B,n/a,Public Utilities,Power Generation,http://www.nasdaq.com/symbol/lnt,1,0,0,0,0,0,1,0,"Madison, WI",F,F,F,F,F,N,F,F,F,,90,90,697
NasDaq,MDRX,"Allscripts Healthcare Solutions, Inc.",13.89,$2.51B,n/a,Technology,EDP Services,http://www.nasdaq.com/symbol/mdrx,1,0,0,0,0,0,1,0,"Chicago, IL",P,N,F,N,P,N,N,P,P,,30,30,
NYSE,MO,Altria Group,65.05,$124.8B,n/a,Consumer Non-Durables,Farming/Seeds/Milling,http://www.nasdaq.com/symbol/mo,1,0,0,1,0,1,1,0,"Richmond, VA",F,F,N,F,F,F,N,F,F,,85,85,169
NasDaq,AMZN,"Amazon.com, Inc.",1002.94,$481.79B,1997,Consumer Services,Catalog/Specialty Distribution,http://www.nasdaq.com/symbol/amzn,1,0,0,0,0,1,1,0,"Seattle, WA",F,F,F,F,F,F,N,F,F,,90,85,29
NYSE,AMC,"AMC Entertainment Holdings, Inc.",13.75,$1.8B,2013,Consumer Services,Movies/Entertainment,http://www.nasdaq.com/symbol/amc,1,0,0,0,0,0,1,0,"Leawood, KS",F,F,F,F,F,F,F,F,F,,100,100,
NYSE,AEE,Ameren Corporation,60.41,$14.66B,n/a,Public Utilities,Power Generation,http://www.nasdaq.com/symbol/aee,1,0,0,1,0,0,1,0,"St. Louis, MO",F,F,F,F,F,F,F,F,F,,100,90,438
NasDaq,AAL,"American Airlines Group, Inc.",52.7,$25.3B,n/a,Transportation,Air Freight/Delivery Services,http://www.nasdaq.com/symbol/aal,1,0,0,0,1,0,1,0,"Fort Worth, TX",F,F,F,F,F,F,F,F,F,,100,100,70
NYSE,AEO,"American Eagle Outfitters, Inc.",12.99,$2.3B,n/a,Consumer Services,Clothing/Shoe/Accessory Stores,http://www.nasdaq.com/symbol/aeo,1,0,0,0,0,0,1,0,"Pittsburgh, PA",F,F,F,F,F,F,F,F,F,,100,100,703
NYSE,AEP,"American Electric Power Company, Inc.",73.16,$35.98B,n/a,Public Utilities,Electric Utilities: Central,http://www.nasdaq.com/symbol/aep,1,0,0,1,0,1,1,0,"Columbus, OH",F,F,F,F,F,F,F,F,F,,100,95,184
NYSE,AXP,American Express Company,92.86,$82.09B,n/a,Finance,Finance: Consumer Services,http://www.nasdaq.com/symbol/axp,1,0,0,0,0,1,1,0,"New York, NY",F,F,F,F,F,F,F,F,F,,100,100,88
NYSE,AMP,"AMERIPRISE FINANCIAL SERVICES, INC.",152.91,$22.93B,n/a,Finance,Investment Managers,http://www.nasdaq.com/symbol/amp,1,0,0,0,0,0,1,0,"Minneapolis, MN",F,F,F,F,F,F,F,F,F,,100,100,247
NYSE,ABC,AmerisourceBergen Corporation (Holding Co),79.44,$17.41B,n/a,Health Care,Other Pharmaceuticals,http://www.nasdaq.com/symbol/abc,1,0,0,0,0,0,1,0,"Chesterbrook, PA",F,F,F,F,F,F,N,F,P,,85,75,16
NasDaq,AMGN,Amgen Inc.,183.01,$133.54B,1983,Health Care,Biotechnology: Biological Products (No Diagnostic Substances),http://www.nasdaq.com/symbol/amgn,1,0,0,1,0,1,1,0,"Thousand Oaks, CA",F,F,F,F,F,F,F,F,F,,100,90,145
NYSE,APH,Amphenol Corporation,87.2,$26.63B,n/a,Capital Goods,Electrical Products,http://www.nasdaq.com/symbol/aph,1,0,0,0,0,0,1,0,"Wallingford, CT",N,N,N,N,N,N,N,N,N,,0,,487
NYSE,APC,Anadarko Petroleum Corporation,47.79,$26.78B,n/a,Energy,Oil & Gas Production,http://www.nasdaq.com/symbol/apc,1,0,0,1,0,1,1,0,"The Woodlands, TX",P,P,N,F,F,N,N,N,N,,40,20,162
NYSE,AXE,Anixter International Inc.,86.15,$2.86B,n/a,Consumer Non-Durables,Telecommunications Equipment,http://www.nasdaq.com/symbol/axe,1,0,0,0,0,0,1,0,"Glenview, IL",P,P,N,N,N,N,N,N,N,,20,20,420
NYSE,AON,Aon plc,149.38,$37.99B,n/a,Finance,Specialty Insurers,http://www.nasdaq.com/symbol/aon,1,0,0,0,0,0,1,0,"Chicago, IL",F,F,F,F,F,F,F,F,F,,100,100,
NYSE,APA,Apache Corporation,41.6,$15.85B,n/a,Energy,Oil & Gas Production,http://www.nasdaq.com/symbol/apa,1,0,0,1,0,1,1,0,"Houston, TX",P,P,N,N,N,N,N,N,N,,20,20,218
NasDaq,AAPL,Apple Inc.,156.99,$810.89B,1980,Technology,Computer Manufacturing,http://www.nasdaq.com/symbol/aapl,1,0,0,0,0,1,1,0,"Cupertino, CA",F,F,F,F,F,F,F,F,F,,100,100,5
NasDaq,AMAT,"Applied Materials, Inc.",53.94,$57.53B,1972,Technology,Semiconductors,http://www.nasdaq.com/symbol/amat,1,0,0,1,0,0,1,0,"Santa Clara, CA",F,F,F,F,F,F,N,P,F,,85,80,319
NYSE,ADM,Archer-Daniels-Midland Company,44,$24.75B,n/a,Consumer Non-Durables,Packaged Foods,http://www.nasdaq.com/symbol/adm,1,0,0,1,1,1,1,0,"Decatur, IL",F,F,N,F,F,N,N,F,P,,65,35,34
NasDaq,ARRS,ARRIS International plc,27.73,$5.2B,n/a,Technology,Radio And Television Broadcasting And Communications Equipment,http://www.nasdaq.com/symbol/arrs,1,0,0,0,0,0,1,0,"Suwanee, GA",N,N,N,N,N,N,N,N,N,,0,,492
NYSE,ARW,"Arrow Electronics, Inc.",82.97,$7.32B,n/a,Consumer Non-Durables,Electronic Components,http://www.nasdaq.com/symbol/arw,1,0,0,0,0,0,1,0,"Centennial, CO",F,F,F,F,F,F,N,F,P,,85,75,131
NYSE,ABG,Asbury Automotive Group Inc,57.55,$1.2B,2002,Consumer Durables,Automotive Aftermarket,http://www.nasdaq.com/symbol/abg,1,0,0,0,0,0,1,0,"Duluth, GA",P,N,N,N,N,N,N,N,N,,10,10,450
NYSE,ASH,Ashland Global Holdings Inc.,66.46,$4.15B,n/a,Consumer Durables,Specialty Chemicals,http://www.nasdaq.com/symbol/ash,1,0,0,1,1,0,1,0,"Covington, KY",F,F,F,F,F,N,N,P,P,,65,65,371
NYSE,AIZ,"Assurant, Inc.",95.71,$5.16B,2004,Finance,Accident &Health Insurance,http://www.nasdaq.com/symbol/aiz,1,0,0,0,0,0,1,0,"New York, NY",F,F,F,F,F,N,F,F,F,,90,85,285
NYSE,T,AT&T Inc.,35.7,$219.2B,n/a,Public Utilities,Telecommunications Equipment,http://www.nasdaq.com/symbol/t,1,0,0,1,0,1,1,0,"Dallas, TX",F,F,F,F,F,F,F,F,F,,100,100,12
NasDaq,ATHN,"athenahealth, Inc.",115.42,$4.61B,2007,Miscellaneous,Business Services,http://www.nasdaq.com/symbol/athn,1,0,0,0,0,0,1,0,"Watertown, MA",F,F,F,F,F,F,F,F,P,,95,,
NasDaq,ADSK,"Autodesk, Inc.",119.63,$26.22B,n/a,Technology,Computer Software: Prepackaged Software,http://www.nasdaq.com/symbol/adsk,1,0,0,0,0,0,1,0,"San Rafael, CA",F,F,F,F,F,F,F,F,F,,100,85,862
NasDaq,ADP,"Automatic Data Processing, Inc.",113.86,$50.6B,n/a,Technology,EDP Services,http://www.nasdaq.com/symbol/adp,1,0,0,1,0,1,1,0,"Roseland, NJ",F,F,F,F,F,F,F,F,F,,100,100,251
NYSE,AN,"AutoNation, Inc.",44,$4.18B,n/a,Consumer Durables,Automotive Aftermarket,http://www.nasdaq.com/symbol/an,1,0,0,0,0,0,1,0,"Fort Lauderdale, FL",P,N,N,N,N,N,N,N,N,,10,10,156
NYSE,AZO,"AutoZone, Inc.",599.16,$16.68B,n/a,Consumer Services,Other Specialty Stores,http://www.nasdaq.com/symbol/azo,1,0,0,0,0,0,1,0,"Memphis, TN",P,P,N,N,N,N,N,N,N,,20,10,307
NYSE,AVY,Avery Dennison Corporation,101.94,$9.01B,n/a,Consumer Durables,Containers/Packaging,http://www.nasdaq.com/symbol/avy,1,0,0,1,0,0,1,0,"Glendale, CA",P,N,N,N,N,N,N,N,N,,10,10,427
NasDaq,CAR,"Avis Budget Group, Inc.",41.26,$3.41B,n/a,Consumer Services,Rental/Leasing Companies,http://www.nasdaq.com/symbol/car,1,0,0,0,0,0,1,0,"Parsippany, NJ",F,F,F,F,F,F,F,F,P,,95,75,336
NYSE,AVT,"Avnet, Inc.",40.64,$4.96B,n/a,Consumer Non-Durables,Electronic Components,http://www.nasdaq.com/symbol/avt,1,0,0,0,0,0,1,0,"Phoenix, AZ",F,F,F,F,F,F,F,P,N,,80,80,108
NYSE,AVP,"Avon Products, Inc.",2.39,$1.05B,n/a,Consumer Non-Durables,Package Goods/Cosmetics,http://www.nasdaq.com/symbol/avp,1,0,0,0,0,0,1,1,"New York, NY",F,F,F,F,F,F,F,F,F,,100,100,322
NYSE,BHGE,"Baker Hughes, a GE company",33.73,$38.63B,2017,Energy,Metal Fabrications,http://www.nasdaq.com/symbol/bhge,1,0,0,0,0,0,1,0,"Houston, TX",P,P,N,N,N,N,N,N,N,,20,10,119
NYSE,BLL,Ball Corporation,42.35,$14.9B,n/a,Consumer Durables,Containers/Packaging,http://www.nasdaq.com/symbol/bll,1,0,0,0,0,0,1,0,"Broomfield, CO",F,F,F,F,F,F,F,F,F,,100,100,332
NYSE,BK,Bank Of New York Mellon Corporation (The),54.67,$56.48B,n/a,Finance,Major Banks,http://www.nasdaq.com/symbol/bk,1,0,0,0,0,1,1,0,"New York, NY",F,F,F,F,F,F,F,F,F,,100,100,189
NYSE,BAX,Baxter International Inc.,62.82,$34.23B,n/a,Health Care,Medical/Dental Instruments,http://www.nasdaq.com/symbol/bax,1,0,0,0,0,1,1,0,"Deerfield, IL",F,F,F,F,F,F,F,F,F,,100,100,185
NYSE,BBT,BB&T Corporation,46.7,$37.74B,n/a,Finance,Major Banks,http://www.nasdaq.com/symbol/bbt,1,0,0,0,0,1,1,0,"Winston-Salem, NC",F,F,F,F,F,F,F,F,F,,100,80,292
NasDaq,BBBY,Bed Bath & Beyond Inc.,21.23,$3.04B,1992,Consumer Services,Home Furnishings,http://www.nasdaq.com/symbol/bbby,1,0,0,0,0,0,1,0,"Union, NJ",P,P,N,N,N,N,N,N,N,,20,20,260
NYSE,BBY,"Best Buy Co., Inc.",55.1,$16.49B,n/a,Consumer Services,Consumer Electronics/Video Chains,http://www.nasdaq.com/symbol/bby,1,0,0,1,0,1,1,1,"Richfield, MN",F,F,F,F,F,F,F,F,F,,100,100,72
NYSE,BIG,"Big Lots, Inc.",51.44,$2.18B,n/a,Consumer Services,Department/Specialty Retail Stores,http://www.nasdaq.com/symbol/big,1,0,0,0,0,0,1,0,"Columbus, OH",F,F,N,F,F,N,N,P,P,,65,20,501
NasDaq,BIIB,Biogen Inc.,337.64,$71.39B,n/a,Health Care,Biotechnology: Biological Products (No Diagnostic Substances),http://www.nasdaq.com/symbol/biib,1,0,0,1,0,1,1,0,"Cambridge, MA",F,F,F,F,F,F,F,F,F,,100,100,298
NasDaq,BLMN,"Bloomin&#39; Brands, Inc.",17.63,$1.65B,2012,Consumer Services,Restaurants,http://www.nasdaq.com/symbol/blmn,1,0,0,0,0,0,1,0,"Tampa, FL",F,F,N,F,F,N,F,P,N,,65,65,580
NasDaq,BOBE,"Bob Evans Farms, Inc.",77.27,$1.54B,n/a,Consumer Services,Restaurants,http://www.nasdaq.com/symbol/bobe,1,0,0,0,0,0,1,0,"New Albany, OH",F,F,F,F,F,N,F,F,F,,90,90,
NYSE,BA,Boeing Company (The),260.74,$154.12B,n/a,Capital Goods,Aerospace,http://www.nasdaq.com/symbol/ba,1,0,0,0,1,1,1,0,"Chicago, IL",F,F,F,F,F,F,F,F,F,,100,100,27
NYSE,BAH,Booz Allen Hamilton Holding Corporation,38.56,$5.73B,2010,Consumer Services,Professional Services,http://www.nasdaq.com/symbol/bah,1,0,0,0,0,0,1,0,"McLean, VA",F,F,F,F,F,F,F,F,F,,100,100,475
NYSE,BWA,BorgWarner Inc.,51.13,$10.79B,n/a,Capital Goods,Auto Parts:O.E.M.,http://www.nasdaq.com/symbol/bwa,1,0,0,0,0,0,1,0,"Auburn Hills, MI",P,P,N,F,F,N,N,N,N,,40,20,347
NYSE,BSX,Boston Scientific Corporation,29.44,$40.4B,n/a,Health Care,Medical/Dental Instruments,http://www.nasdaq.com/symbol/bsx,1,0,0,1,0,0,1,0,"Marlborough, MA",F,F,F,F,F,F,F,F,F,,100,100,378
NYSE,BFAM,Bright Horizons Family Solutions Inc.,85.15,$5.04B,2013,Miscellaneous,Other Consumer Services,http://www.nasdaq.com/symbol/bfam,1,0,0,0,0,0,1,0,"Watertown, MA",F,F,F,F,F,F,F,F,F,,100,85,
NYSE,BCO,Brink&#39;s Company (The),86.35,$4.36B,n/a,Transportation,Oil Refining/Marketing,http://www.nasdaq.com/symbol/bco,1,0,0,0,0,0,1,0,"Dallas, TX",F,F,F,F,F,F,N,F,P,,80,55,777
NYSE,BMY,Bristol-Myers Squibb Company,65.29,$107.07B,n/a,Health Care,Major Pharmaceuticals,http://www.nasdaq.com/symbol/bmy,1,0,0,1,0,1,1,0,"New York, NY",F,F,F,F,F,F,F,F,F,,100,100,195
NasDaq,AVGO,Broadcom Limited,247.96,$101.16B,2009,Technology,Semiconductors,http://www.nasdaq.com/symbol/avgo,1,0,0,0,0,0,1,0,"Irvine, CA",P,P,N,N,N,N,N,N,N,,20,15,340
NYSE,BR,"Broadridge Financial Solutions, Inc.",82.59,$9.63B,n/a,Miscellaneous,Business Services,http://www.nasdaq.com/symbol/br,1,0,0,0,0,0,1,0,"Lake Success, NY",F,F,F,F,F,F,F,F,F,,100,100,849
NYSE,BURL,"Burlington Stores, Inc.",89.1,$6.15B,2013,Consumer Services,Department/Specialty Retail Stores,http://www.nasdaq.com/symbol/burl,1,0,0,0,0,0,1,0,"Burlington, NJ",F,F,N,F,F,N,N,P,N,,55,55,532
NasDaq,CHRW,"C.H. Robinson Worldwide, Inc.",77.26,$10.84B,1997,Transportation,Oil Refining/Marketing,http://www.nasdaq.com/symbol/chrw,1,0,0,0,0,0,1,0,"Eden Prairie, MN",P,P,N,N,N,N,N,N,N,,20,20,225
NasDaq,CA,CA Inc.,33.88,$14.27B,n/a,Technology,Computer Software: Prepackaged Software,http://www.nasdaq.com/symbol/ca,1,0,0,0,0,0,1,0,"New York, NY",F,F,F,F,F,F,F,F,F,,100,100,568
NasDaq,CZR,Caesars Entertainment Corporation,12.15,$4.56B,2012,Consumer Services,Hotels/Resorts,http://www.nasdaq.com/symbol/czr,1,0,0,0,0,0,1,0,"Las Vegas, NV",F,F,F,F,F,F,F,F,F,,100,100,328
NYSE,CPN,Calpine Corporation,14.67,$5.29B,n/a,Public Utilities,Electric Utilities: Central,http://www.nasdaq.com/symbol/cpn,1,0,0,0,0,0,1,0,"Houston, TX",P,N,N,F,P,N,N,P,N,,30,30,353
NYSE,CPB,Campbell Soup Company,46.18,$13.88B,n/a,Consumer Non-Durables,Packaged Foods,http://www.nasdaq.com/symbol/cpb,1,0,0,1,0,0,1,0,"Camden, NJ",F,F,F,F,F,F,F,F,F,,100,100,342
NYSE,CAH,"Cardinal Health, Inc.",64.96,$20.48B,n/a,Health Care,Other Pharmaceuticals,http://www.nasdaq.com/symbol/cah,1,0,0,0,0,0,1,0,"Dublin, OH",F,F,F,F,F,F,F,F,F,,100,100,26
NYSE,KMX,CarMax Inc,75.44,$13.75B,n/a,Consumer Durables,Automotive Aftermarket,http://www.nasdaq.com/symbol/kmx,1,0,0,0,0,0,1,0,"Richmond, VA",F,F,F,F,F,F,F,P,F,,95,95,232
NasDaq,CASY,"Caseys General Stores, Inc.",114.4,$4.34B,1983,Consumer Durables,Automotive Aftermarket,http://www.nasdaq.com/symbol/casy,1,0,0,0,0,0,1,0,"Ankeny, IA",N,N,N,N,N,N,N,N,N,,0,0,382
NYSE,CAT,"Caterpillar, Inc.",130.71,$77.25B,n/a,Capital Goods,Construction/Ag Equipment/Trucks,http://www.nasdaq.com/symbol/cat,1,0,0,0,1,1,1,0,"Peoria, IL",F,F,F,F,F,N,F,F,F,,90,90,54
NYSE,CBG,"CBRE Group, Inc.",39.59,$13.38B,2004,Finance,Real Estate,http://www.nasdaq.com/symbol/cbg,1,0,0,0,0,0,1,0,"Los Angeles, CA",F,F,F,F,F,F,F,F,F,,100,100,321
NYSE,CBS,CBS Corporation,57,$22.89B,n/a,Consumer Services,Broadcasting,http://www.nasdaq.com/symbol/cbs,1,0,0,0,0,1,1,0,"New York, NY",F,F,F,F,F,F,F,F,F,,100,100,212
NYSE,CE,Celanese Corporation,107.35,$14.76B,2005,Basic Industries,Major Chemicals,http://www.nasdaq.com/symbol/ce,1,0,0,0,1,0,1,0,"Irving, TX",F,F,F,F,F,N,F,F,F,,90,85,395
NYSE,CNC,Centene Corporation,90.56,$15.62B,n/a,Health Care,Medical Specialities,http://www.nasdaq.com/symbol/cnc,1,0,0,0,0,0,1,0,"St. Louis, MO",F,F,F,F,F,F,F,F,P,,95,80,186
NYSE,CNP,"CenterPoint Energy, Inc.",29.36,$12.65B,n/a,Public Utilities,Electric Utilities: Central,http://www.nasdaq.com/symbol/cnp,1,0,0,0,0,0,1,0,"Houston, TX",P,P,N,N,N,N,N,N,N,,20,10,313
NYSE,CTL,"CenturyLink, Inc.",20.25,$11.13B,n/a,Public Utilities,Telecommunications Equipment,http://www.nasdaq.com/symbol/ctl,1,0,0,0,0,1,1,0,"Monroe, LA",F,F,F,F,F,N,N,F,P,,75,75,168
NasDaq,CERN,Cerner Corporation,73.57,$24.39B,1986,Technology,EDP Services,http://www.nasdaq.com/symbol/cern,1,0,0,0,0,0,1,0,"North Kansas City, MO",F,F,F,F,F,N,F,F,P,,85,85,690
NYSE,SCHW,The Charles Schwab Corporation,44.73,$59.9B,n/a,Finance,Investment Bankers/Brokers/Service,http://www.nasdaq.com/symbol/schw,1,0,0,0,0,1,1,0,"San Francisco, CA",F,F,F,F,F,F,F,F,F,,100,100,435
NasDaq,CHTR,"Charter Communications, Inc.",357.4,$92.17B,n/a,Consumer Services,Television Services,http://www.nasdaq.com/symbol/chtr,1,0,0,0,0,0,1,0,"Stamford, CT",F,F,F,F,F,F,F,F,F,,100,10,317
NYSE,CHK,Chesapeake Energy Corporation,3.88,$3.52B,n/a,Energy,Oil & Gas Production,http://www.nasdaq.com/symbol/chk,1,0,0,0,0,1,1,0,"Oklahoma City, OK",F,F,F,F,F,N,N,P,P,,65,65,142
NYSE,CVX,Chevron Corporation,119.16,$225.81B,n/a,Energy,Integrated oil Companies,http://www.nasdaq.com/symbol/cvx,1,0,0,0,0,1,1,0,"San Ramon, CA",F,F,F,F,F,F,F,F,F,,100,100,3
NYSE,CMG,"Chipotle Mexican Grill, Inc.",326.45,$9.31B,2006,Consumer Services,Restaurants,http://www.nasdaq.com/symbol/cmg,1,0,0,0,0,0,1,0,"Denver, CO",F,F,N,F,F,N,N,P,F,,70,70,611
NYSE,CHH,"Choice Hotels International, Inc.",67.35,$3.81B,n/a,Consumer Services,Hotels/Resorts,http://www.nasdaq.com/symbol/chh,1,0,0,0,0,0,1,0,"Rockville, MD",F,F,F,F,F,F,F,F,F,,100,100,
NYSE,CI,Cigna Corporation,186.15,$46.87B,n/a,Health Care,Medical Specialities,http://www.nasdaq.com/symbol/ci,1,0,0,0,0,0,1,0,"Bloomfield, CT",F,F,F,F,F,F,F,F,F,,100,100,90
NasDaq,CSCO,"Cisco Systems, Inc.",33.47,$165.74B,1990,Technology,Computer Communications Equipment,http://www.nasdaq.com/symbol/csco,1,0,0,1,0,1,1,0,"San Jose, CA",F,F,F,F,F,F,F,F,F,,100,100,60
NYSE,C,Citigroup Inc.,72.11,$190.66B,n/a,Finance,Major Banks,http://www.nasdaq.com/symbol/c,1,0,0,0,0,1,1,0,"New York, NY",P,N,N,N,N,N,N,N,N,,10,10,662
NasDaq,CTXS,"Citrix Systems, Inc.",81.47,$12.34B,1995,Technology,Computer Software: Prepackaged Software,http://www.nasdaq.com/symbol/ctxs,1,0,0,0,0,0,1,0,"Fort Lauderdale, FL",F,F,F,F,F,F,F,F,F,,100,,725
NYSE,CLX,Clorox Company (The),131.29,$16.92B,n/a,Consumer Durables,Specialty Chemicals,http://www.nasdaq.com/symbol/clx,1,0,0,1,0,0,1,0,"Oakland, CA",F,F,F,F,F,F,F,F,F,,100,100,469
NasDaq,CME,CME Group Inc.,137.31,$46.67B,2002,Finance,Investment Bankers/Brokers/Service,http://www.nasdaq.com/symbol/cme,1,0,0,0,0,1,1,0,"Chicago, IL",F,F,F,F,F,F,F,F,P,,95,70,732
NYSE,CNA,CNA Financial Corporation,50.69,$13.74B,n/a,Finance,Property-Casualty Insurers,http://www.nasdaq.com/symbol/cna,1,0,0,0,0,0,1,0,"Chicago, IL",F,F,F,F,F,F,F,F,F,,100,100,
NYSE,COH,"Coach, Inc.",39.57,$11.24B,n/a,Consumer Non-Durables,Apparel,http://www.nasdaq.com/symbol/coh,1,0,0,0,0,1,1,0,"New York, NY",F,F,F,F,F,F,F,F,F,,100,100,535
NasDaq,COKE,Coca-Cola Bottling Co. Consolidated,225.3,$2.1B,1972,Consumer Non-Durables,Beverages (Production/Distribution),http://www.nasdaq.com/symbol/coke,1,0,0,0,0,0,1,0,"Atlanta, GA",F,F,F,F,F,F,F,F,F,,100,100,63
NasDaq,CTSH,Cognizant Technology Solutions Corporation,74.38,$43.93B,1998,Technology,EDP Services,http://www.nasdaq.com/symbol/ctsh,1,0,0,0,0,1,1,0,"Teaneck, NJ",P,P,N,N,N,N,N,N,N,,20,20,288
NYSE,CL,Colgate-Palmolive Company,75.99,$66.94B,n/a,Consumer Non-Durables,Package Goods/Cosmetics,http://www.nasdaq.com/symbol/cl,1,0,0,1,0,1,1,0,"New York, NY",F,F,F,F,F,F,F,F,F,,100,95,179
NYSE,CMA,Comerica Incorporated,75.55,$13.29B,n/a,Finance,Major Banks,http://www.nasdaq.com/symbol/cma,1,0,0,0,0,0,1,0,"Dallas, TX",F,F,F,F,F,F,F,F,F,,100,100,828
NYSE,CMC,Commercial Metals Company,20.78,$2.41B,n/a,Basic Industries,Steel/Iron Ore,http://www.nasdaq.com/symbol/cmc,1,0,0,0,0,0,1,0,"Irving, TX",P,P,N,N,N,N,N,N,N,,20,20,388
NYSE,CAG,"ConAgra Brands, Inc.",34.33,$14.02B,n/a,Consumer Non-Durables,Packaged Foods,http://www.nasdaq.com/symbol/cag,1,0,0,1,1,0,1,0,"Omaha, NE",F,F,F,F,F,F,F,F,F,,100,100,173
NYSE,COP,ConocoPhillips,49.4,$60.12B,n/a,Energy,Integrated oil Companies,http://www.nasdaq.com/symbol/cop,1,0,0,1,0,1,1,0,"Houston, TX",F,F,F,F,F,N,N,F,F,,80,80,51
NYSE,ED,Consolidated Edison Inc,83.08,$25.4B,n/a,Public Utilities,Power Generation,http://www.nasdaq.com/symbol/ed,1,0,0,0,0,1,1,0,"New York, NY",F,F,F,F,F,F,F,F,P,,95,90,236
NYSE,CVG,Convergys Corporation,25.89,$2.42B,1998,Technology,EDP Services,http://www.nasdaq.com/symbol/cvg,1,0,0,0,0,0,1,0,"Cincinnati, OH",F,F,F,F,F,F,F,F,F,,100,100,783
NYSE,COO,"Cooper Companies, Inc. (The)",236,$11.55B,n/a,Health Care,Ophthalmic Goods,http://www.nasdaq.com/symbol/coo,1,0,0,0,0,0,1,0,"Findlay, OH",P,N,N,N,P,N,N,P,N,,20,20,688
NYSE,CLGX,"CoreLogic, Inc.",49.1,$4.14B,n/a,Technology,EDP Services,http://www.nasdaq.com/symbol/clgx,1,0,0,0,0,0,1,0,"Santa Ana, CA",P,P,F,F,F,N,F,F,P,,70,70,
NasDaq,CORE,"Core-Mark Holding Company, Inc.",33.11,$1.53B,n/a,Consumer Non-Durables,Food Distributors,http://www.nasdaq.com/symbol/core,1,0,0,0,0,0,1,0,"South San Francisco, CA",N,N,N,N,N,N,N,N,N,,0,0,352
NYSE,GLW,Corning Incorporated,29.74,$26.86B,n/a,Basic Industries,Telecommunications Equipment,http://www.nasdaq.com/symbol/glw,1,0,0,0,0,1,1,0,"Corning, NY",F,F,F,F,F,F,F,F,F,,100,100,297
NasDaq,COST,Costco Wholesale Corporation,159.85,$69.89B,n/a,Consumer Services,Department/Specialty Retail Stores,http://www.nasdaq.com/symbol/cost,1,0,0,0,1,1,1,0,"Issaquah, WA",F,F,N,F,F,N,F,F,N,,70,80,18
NasDaq,CBRL,"Cracker Barrel Old Country Store, Inc.",151.28,$3.64B,1981,Consumer Services,Restaurants,http://www.nasdaq.com/symbol/cbrl,1,0,0,0,0,0,1,0,"Lebanon, TN",F,N,N,F,F,N,N,F,P,,55,55,818
NYSE,CCK,"Crown Holdings, Inc.",60.7,$8.19B,n/a,Consumer Durables,Containers/Packaging,http://www.nasdaq.com/symbol/cck,1,0,0,0,0,0,1,0,"Philadelphia, PA",N,N,N,N,N,N,N,N,N,,0,10,318
NasDaq,CSX,CSX Corporation,52.83,$48.25B,n/a,Transportation,Railroads,http://www.nasdaq.com/symbol/csx,1,0,0,1,0,1,1,0,"Jacksonville, FL",F,F,N,F,F,F,F,F,F,,95,75,240
NYSE,CMI,Cummins Inc.,172.62,$28.93B,n/a,Energy,Industrial Machinery/Components,http://www.nasdaq.com/symbol/cmi,1,0,0,1,1,1,1,0,"Columbus, IN",F,F,F,F,F,F,F,F,F,,100,100,154
NYSE,CVS,CVS Health Corporation,72.6,$73.8B,n/a,Health Care,Medical/Nursing Services,http://www.nasdaq.com/symbol/cvs,1,0,0,1,0,1,1,0,"Woonsocket, RI",F,F,F,F,F,F,F,F,F,,100,100,10
NYSE,DAN,Dana Incorporated,28.35,$4.1B,n/a,Capital Goods,Auto Parts:O.E.M.,http://www.nasdaq.com/symbol/dan,1,0,0,0,0,0,1,0,"Maumee, OH",F,N,F,N,N,N,N,P,P,,30,30,410
NYSE,DHR,Danaher Corporation,86.84,$60.33B,n/a,Capital Goods,Industrial Machinery/Components,http://www.nasdaq.com/symbol/dhr,1,0,0,0,0,1,1,0,"Washington, DC",F,F,F,F,F,F,F,F,F,,100,100,147
NYSE,DRI,"Darden Restaurants, Inc.",79.42,$9.82B,n/a,Consumer Services,Restaurants,http://www.nasdaq.com/symbol/dri,1,0,0,1,0,0,1,0,"Orlando, FL",F,F,F,F,F,F,F,F,F,,100,100,325
NYSE,DVA,DaVita Inc.,54.73,$10.46B,n/a,Health Care,Hospital/Nursing Management,http://www.nasdaq.com/symbol/dva,1,0,0,0,0,0,1,0,"Denver, CO",F,F,F,F,F,F,N,P,P,,75,45,231
NYSE,DF,Dean Foods Company,10.66,$969.16M,n/a,Consumer Non-Durables,Packaged Foods,http://www.nasdaq.com/symbol/df,1,0,0,0,0,0,1,0,"Dallas, TX",P,P,N,F,P,N,N,P,N,,40,40,306
NYSE,DE,Deere & Company,127.91,$41.1B,n/a,Capital Goods,Industrial Machinery/Components,http://www.nasdaq.com/symbol/de,1,0,0,1,1,1,1,0,"Moline, IL",F,F,F,F,F,F,N,F,P,,85,75,86
NYSE,DAL,"Delta Air Lines, Inc.",53.96,$38.47B,n/a,Transportation,Air Freight/Delivery Services,http://www.nasdaq.com/symbol/dal,1,0,0,0,1,0,1,0,"Atlanta, GA",F,F,F,F,F,F,F,F,F,,100,90,73
NasDaq,DENN,Denny&#39;s Corporation,12.98,$871.93M,n/a,Consumer Services,Restaurants,http://www.nasdaq.com/symbol/denn,1,0,0,0,0,0,1,0,"Spartanburg, SC",F,F,F,F,F,N,N,F,P,,75,75,
NYSE,DVN,Devon Energy Corporation,35.87,$18.85B,n/a,Energy,Oil & Gas Production,http://www.nasdaq.com/symbol/dvn,1,0,0,1,0,1,1,0,"Oklahoma City, OK",P,P,N,F,F,N,N,N,N,,40,20,152
NYSE,DKS,Dick&#39;s Sporting Goods Inc,24.85,$2.72B,2002,Consumer Services,Other Specialty Stores,http://www.nasdaq.com/symbol/dks,1,0,0,0,0,0,1,0,"Coraopolis, PA",P,P,N,N,N,N,N,N,N,,20,20,393
NYSE,DDS,"Dillard&#39;s, Inc.",52.91,$1.54B,n/a,Consumer Services,Department/Specialty Retail Stores,http://www.nasdaq.com/symbol/dds,1,0,0,0,0,0,1,0,"Little Rock, AR",P,P,N,N,N,N,N,N,N,,20,20,400
NasDaq,DISH,DISH Network Corporation,48.38,$22.55B,1995,Consumer Services,Television Services,http://www.nasdaq.com/symbol/dish,1,0,0,0,0,0,1,0,"Englewood, CO",N,N,N,N,N,N,N,N,N,,0,0,208
NYSE,DG,Dollar General Corporation,82.57,$22.56B,2009,Consumer Services,Department/Specialty Retail Stores,http://www.nasdaq.com/symbol/dg,1,0,0,0,0,0,1,0,"Goodlettsville, TN",F,F,F,F,F,N,F,F,P,,85,85,159
NasDaq,DLTR,"Dollar Tree, Inc.",91.5,$21.67B,1995,Consumer Services,Department/Specialty Retail Stores,http://www.nasdaq.com/symbol/dltr,1,0,0,0,0,0,1,0,"Chesapeake, VA",P,P,N,N,N,N,N,N,N,,20,20,330
NYSE,DPZ,Domino&#39;s Pizza Inc,192.98,$8.44B,2004,Consumer Non-Durables,Food Distributors,http://www.nasdaq.com/symbol/dpz,1,0,0,0,0,0,1,0,"Ann Arbor, MI",F,F,F,F,F,N,F,F,P,,85,75,
NYSE,UFS,Domtar Corporation,43.96,$2.86B,n/a,Basic Industries,Paper,http://www.nasdaq.com/symbol/ufs,1,0,0,0,0,0,1,0,"Fort Mill, SC",P,P,N,N,N,N,N,N,N,,20,10,470
NYSE,DOV,Dover Corporation,94.48,$14.71B,n/a,Technology,Industrial Machinery/Components,http://www.nasdaq.com/symbol/dov,1,0,0,0,0,0,1,0,"Downers Grove, IL",P,N,N,N,N,N,N,N,N,,10,10,346
NYSE,DPS,"Dr Pepper Snapple Group, Inc",89.25,$16.22B,n/a,Consumer Non-Durables,Beverages (Production/Distribution),http://www.nasdaq.com/symbol/dps,1,0,0,0,1,0,1,0,"Plano, TX",F,F,N,F,F,N,N,N,P,,55,60,437
NYSE,DSW,DSW Inc.,18.86,$1.52B,2005,Consumer Services,Clothing/Shoe/Accessory Stores,http://www.nasdaq.com/symbol/dsw,1,0,0,0,0,0,1,0,"Columbus, OH",F,F,F,F,F,N,F,F,F,,90,80,866
NYSE,DTV,DTE Energy Company,55.22,n/a,2016,Public Utilities,Electric Utilities: Central,http://www.nasdaq.com/symbol/dtv,1,0,0,0,0,1,1,0,"Detroit, MI",F,F,F,N,P,F,F,F,P,,80,75,246
NYSE,DUK,Duke Energy Corporation,86.79,$60.75B,n/a,Public Utilities,Power Generation,http://www.nasdaq.com/symbol/duk,1,0,0,0,0,1,1,0,"Charlotte, NC",F,F,F,F,F,N,F,F,F,,90,90,116
NYSE,DNB,Dun & Bradstreet Corporation (The),120.02,$4.44B,n/a,Finance,Finance: Consumer Services,http://www.nasdaq.com/symbol/dnb,1,0,0,0,0,0,1,0,"Short Hills, NJ",F,F,F,F,F,F,F,F,F,,100,20,
NasDaq,ETFC,E*TRADE Financial Corporation,43.86,$12.05B,n/a,Finance,Savings Institutions,http://www.nasdaq.com/symbol/etfc,1,0,0,0,0,0,1,0,"New York, NY",F,F,F,F,F,N,F,F,P,,80,65,1000
NYSE,DWDP,DowDuPont Inc.,71.43,$166.86B,2017,Basic Industries,Major Chemicals,http://www.nasdaq.com/symbol/dwdp,1,0,0,0,0,0,1,0,"Wilmington, DE",F,F,F,F,F,F,F,F,F,,100,100,87
NYSE,EMN,Eastman Chemical Company,88.65,$12.84B,n/a,Basic Industries,Major Chemicals,http://www.nasdaq.com/symbol/emn,1,0,0,1,1,0,1,0,"Kingsport, TN",F,F,F,F,F,F,F,F,P,,95,20,305
NYSE,ETN,"Eaton Corporation, PLC",78.53,$34.93B,n/a,Technology,Industrial Machinery/Components,http://www.nasdaq.com/symbol/etn,1,0,0,1,0,1,1,0,"Cleveland, OH",F,F,F,F,F,F,F,F,F,,100,100,
NYSE,ECL,Ecolab Inc.,134.09,$38.8B,n/a,Basic Industries,Package Goods/Cosmetics,http://www.nasdaq.com/symbol/ecl,1,0,0,1,1,1,1,0,"St. Paul, MN",F,F,F,F,F,F,F,F,F,,100,100,213
NYSE,EIX,Edison International,77.99,$25.41B,n/a,Public Utilities,Electric Utilities: Central,http://www.nasdaq.com/symbol/eix,1,0,0,0,0,0,1,0,"Rosemead, CA",P,P,N,N,N,N,N,N,N,,20,20,226
NasDaq,EA,Electronic Arts Inc.,118.62,$36.62B,n/a,Technology,Computer Software: Prepackaged Software,http://www.nasdaq.com/symbol/ea,1,0,0,0,0,0,1,0,"Redwood City, CA",F,F,F,F,F,F,F,F,F,,100,100,671
NYSE,LLY,Eli Lilly and Company,86.55,$95.29B,n/a,Health Care,Major Pharmaceuticals,http://www.nasdaq.com/symbol/lly,1,0,0,1,0,1,1,0,"Indianapolis, IN",F,F,F,F,F,F,F,F,F,,100,100,151
NasDaq,EMCI,EMC Insurance Group Inc.,28.8,$614.88M,1982,Finance,Property-Casualty Insurers,http://www.nasdaq.com/symbol/emci,1,0,0,0,0,0,1,0,"Hopkinton, MA",F,F,F,F,F,F,F,F,F,,100,100,121
NYSE,EME,"EMCOR Group, Inc.",70.19,$4.15B,n/a,Capital Goods,Engineering & Construction,http://www.nasdaq.com/symbol/eme,1,0,0,0,0,0,1,0,"Norwalk, CT",P,N,N,N,N,N,N,N,N,,10,10,421
NYSE,EMR,Emerson Electric Company,63.97,$40.94B,n/a,Energy,Consumer Electronics/Appliances,http://www.nasdaq.com/symbol/emr,1,0,0,1,0,1,1,0,"St. Louis, MO",F,F,F,F,F,F,F,P,P,,90,80,120
NYSE,EOG,"EOG Resources, Inc.",96.62,$55.79B,n/a,Energy,Oil & Gas Production,http://www.nasdaq.com/symbol/eog,1,0,0,1,0,1,1,0,"Houston, TX",P,N,N,N,N,N,N,N,N,,10,10,167
NYSE,EL,"Estee Lauder Companies, Inc. (The)",111,$40.91B,1995,Consumer Non-Durables,Package Goods/Cosmetics,http://www.nasdaq.com/symbol/el,1,0,0,0,0,0,1,0,"New York, NY",F,F,F,F,F,F,F,F,F,,100,100,271
NYSE,ES,Eversource Energy,61.65,$19.54B,n/a,Public Utilities,Electric Utilities: Central,http://www.nasdaq.com/symbol/es,1,0,0,0,0,0,1,0,"Springfield, MA",P,P,N,N,P,N,N,F,N,,35,25,367
NYSE,EXC,Exelon Corporation,39.24,$37.67B,n/a,Public Utilities,Power Generation,http://www.nasdaq.com/symbol/exc,1,0,0,1,0,1,1,0,"Chicago, IL",F,F,F,F,F,F,F,F,F,,100,100,111
NasDaq,EXPE,"Expedia, Inc.",150.11,$22.76B,n/a,Consumer Services,Transportation Services,http://www.nasdaq.com/symbol/expe,1,0,0,0,0,0,1,0,"Bellevue, WA",F,F,F,F,F,F,F,F,F,,100,90,458
NasDaq,EXPD,"Expeditors International of Washington, Inc.",60.17,$10.88B,n/a,Transportation,Oil Refining/Marketing,http://www.nasdaq.com/symbol/expd,1,0,0,0,0,0,1,0,"Seattle, WA",P,P,N,N,N,N,N,N,N,,20,20,413
NasDaq,ESRX,Express Scripts Holding Company,57.14,$33B,1992,Health Care,Medical/Nursing Services,http://www.nasdaq.com/symbol/esrx,1,0,0,0,0,1,1,0,"St. Louis, MO",F,F,F,F,F,F,F,F,F,,100,90,22
NYSE,XOM,Exxon Mobil Corporation,82.41,$349.18B,n/a,Energy,Integrated oil Companies,http://www.nasdaq.com/symbol/xom,1,0,0,1,0,1,1,0,"Irving, TX",P,P,F,F,F,F,F,F,P,,85,40,2
NasDaq,FB,"Facebook, Inc.",173.74,$504.58B,2012,Technology,"Computer Software: Programming, Data Processing",http://www.nasdaq.com/symbol/fb,1,0,0,0,0,1,1,0,"Menlo Park, CA",F,F,F,F,F,F,F,F,F,,100,100,242
NYSE,FDS,FactSet Research Systems Inc.,177.41,$6.96B,1996,Technology,"Computer Software: Programming, Data Processing",http://www.nasdaq.com/symbol/fds,1,0,0,0,0,0,1,0,"Norwalk, CT",F,F,F,F,F,F,F,F,F,,100,100,
NYSE,FDX,FedEx Corporation,222.22,$59.59B,n/a,Transportation,Air Freight/Delivery Services,http://www.nasdaq.com/symbol/fdx,1,0,0,0,0,1,1,0,"Memphis, TN",F,F,F,F,F,N,F,F,P,,85,85,65
NYSE,FIS,"Fidelity National Information Services, Inc.",94.96,$31.57B,n/a,Miscellaneous,Business Services,http://www.nasdaq.com/symbol/fis,1,0,0,1,0,0,1,1,"Jacksonville, FL",F,F,F,F,F,N,F,F,F,,90,10,422
NYSE,FE,FirstEnergy Corporation,32.49,$14.44B,n/a,Public Utilities,Electric Utilities: Central,http://www.nasdaq.com/symbol/fe,1,0,0,0,0,1,1,0,"Akron, OH",P,N,N,N,N,N,N,N,N,,10,10,206
NYSE,FLR,Fluor Corporation,42.61,$5.96B,n/a,Basic Industries,Military/Government/Technical,http://www.nasdaq.com/symbol/flr,1,0,0,1,0,0,1,0,"Irving, TX",F,F,F,F,F,N,F,F,P,,85,85,136
NYSE,FMC,FMC Corporation,93.72,$12.57B,n/a,Basic Industries,Major Chemicals,http://www.nasdaq.com/symbol/fmc,1,0,0,0,0,0,1,0,"Houston, TX",P,N,N,F,F,N,N,N,N,,30,10,357
NYSE,FL,"Foot Locker, Inc.",31.65,$3.92B,n/a,Consumer Services,Clothing/Shoe/Accessory Stores,http://www.nasdaq.com/symbol/fl,1,0,0,0,0,0,1,0,"New York, NY",P,N,N,N,N,N,N,N,N,,10,10,384
NYSE,F,Ford Motor Company,12.05,$47.01B,n/a,Capital Goods,Auto Manufacturing,http://www.nasdaq.com/symbol/f,1,0,0,1,0,1,1,0,"Dearborn, MI",F,F,F,F,F,F,F,F,F,,100,100,9
NasDaq,FOSL,"Fossil Group, Inc.",8.51,$412.92M,1993,Consumer Non-Durables,Consumer Specialties,http://www.nasdaq.com/symbol/fosl,1,0,0,0,0,0,1,0,"Richardson, TX",F,F,F,F,F,F,N,N,P,,75,60,679
NYSE,BEN,"Franklin Resources, Inc.",44.64,$24.9B,n/a,Finance,Investment Managers,http://www.nasdaq.com/symbol/ben,1,0,0,0,0,1,1,0,"San Mateo, CA",F,F,F,F,F,F,F,F,F,,100,90,335
NYSE,FCX,"Freeport-McMoran, Inc.",14.75,$21.35B,n/a,Basic Industries,Precious Metals,http://www.nasdaq.com/symbol/fcx,1,0,0,1,1,1,1,0,"Phoenix, AZ",N,N,N,N,N,N,N,N,N,,0,0,137
NYSE,GME,Gamestop Corporation,19.71,$2B,2002,Consumer Services,Electronics Distribution,http://www.nasdaq.com/symbol/gme,1,0,0,0,0,0,1,0,"Grapevine, TX",F,F,F,F,F,F,F,F,F,,100,100,311
NYSE,GPS,"Gap, Inc. (The)",27.25,$10.69B,n/a,Consumer Services,Clothing/Shoe/Accessory Stores,http://www.nasdaq.com/symbol/gps,1,0,0,1,0,0,1,0,"San Francisco, CA",F,F,F,F,F,F,F,F,F,,100,100,188
NYSE,BGC,General Cable Corporation,21.7,$1.08B,1997,Basic Industries,Telecommunications Equipment,http://www.nasdaq.com/symbol/bgc,1,0,0,0,0,0,1,0,"Highland Heights, KY",P,N,N,N,N,N,N,N,N,,10,10,443
NYSE,GD,General Dynamics Corporation,213.34,$63.89B,n/a,Capital Goods,Marine Transportation,http://www.nasdaq.com/symbol/gd,1,0,0,0,1,1,1,0,"Falls Church, VA",F,F,F,F,F,N,F,F,F,,90,85,100
NYSE,GIS,"General Mills, Inc.",51.53,$29.29B,n/a,Consumer Non-Durables,Packaged Foods,http://www.nasdaq.com/symbol/gis,1,0,0,1,1,1,1,0,"Minneapolis, MN",F,F,F,F,F,F,F,F,F,,100,100,171
NYSE,GM,General Motors Company,45.88,$66.6B,2010,Capital Goods,Auto Manufacturing,http://www.nasdaq.com/symbol/gm,1,0,0,1,0,1,1,0,"Detroit, MI",F,F,F,F,F,F,F,F,F,,100,100,6
NYSE,GCO,Genesco Inc.,23.5,$468.1M,n/a,Consumer Services,Clothing/Shoe/Accessory Stores,http://www.nasdaq.com/symbol/gco,1,0,0,0,0,0,1,0,"Nashville, TN",F,F,F,F,F,N,N,F,P,,75,,781
NYSE,GPC,Genuine Parts Company,95.86,$14.08B,n/a,Capital Goods,Automotive Aftermarket,http://www.nasdaq.com/symbol/gpc,1,0,0,0,0,0,1,0,"Atlanta, GA",N,N,N,N,N,N,N,N,N,,0,20,199
NYSE,GNW,Genworth Financial Inc,3.94,$1.97B,2004,Finance,Life Insurance,http://www.nasdaq.com/symbol/gnw,1,0,0,0,0,0,1,0,"Richmond, VA",F,F,F,F,F,F,F,F,F,,100,100,304
NasDaq,GILD,"Gilead Sciences, Inc.",81.17,$106B,1992,Health Care,Biotechnology: Biological Products (No Diagnostic Substances),http://www.nasdaq.com/symbol/gild,1,0,0,0,0,1,1,0,"Foster City, CA",F,F,F,F,F,F,N,F,P,,85,80,118
NYSE,GSBD,"Goldman Sachs BDC, Inc.",22.51,$902.87M,2015,n/a,n/a,http://www.nasdaq.com/symbol/gsbd,1,0,0,0,0,0,1,0,"New York, NY",F,F,F,F,F,F,F,F,F,,100,100,76
NasDaq,GT,The Goodyear Tire & Rubber Company,33.01,$8.31B,n/a,Consumer Durables,Automotive Aftermarket,http://www.nasdaq.com/symbol/gt,1,0,0,1,1,0,1,0,"Akron, OH",F,F,F,F,F,N,N,F,F,,80,10,166
NasDaq,GOOGL,Alphabet Inc.,1007.87,$698.33B,n/a,Technology,"Computer Software: Programming, Data Processing",http://www.nasdaq.com/symbol/googl,1,0,0,0,0,0,1,0,"Mountain View, CA",F,F,F,F,F,F,F,F,F,,100,100,40
NYSE,GPI,"Group 1 Automotive, Inc.",69.48,$1.45B,1997,Consumer Durables,Automotive Aftermarket,http://www.nasdaq.com/symbol/gpi,1,0,0,0,0,0,1,0,"Houston, TX",F,N,N,F,F,N,N,N,N,,35,35,291
NasDaq,GRPN,"Groupon, Inc.",4.63,$2.57B,2011,Technology,Advertising,http://www.nasdaq.com/symbol/grpn,1,0,0,0,0,0,1,0,"Chicago, IL",F,F,F,F,F,F,F,F,F,,100,100,718
NYSE,HRB,"H&R Block, Inc.",25.2,$5.27B,n/a,Consumer Services,Other Consumer Services,http://www.nasdaq.com/symbol/hrb,1,0,0,0,0,0,1,0,"Kansas City, MO",F,F,F,F,F,N,N,P,P,,70,70,751
NYSE,HAL,Halliburton Company,44.72,$38.98B,n/a,Energy,Oilfield Services/Equipment,http://www.nasdaq.com/symbol/hal,1,0,0,1,0,1,1,0,"Houston, TX",P,N,N,N,N,N,N,N,N,,10,10,96
NYSE,HBI,Hanesbrands Inc.,23.73,$8.65B,n/a,Consumer Services,Clothing/Shoe/Accessory Stores,http://www.nasdaq.com/symbol/hbi,1,0,0,0,0,0,1,0,"Winston-Salem, NC",F,F,F,F,F,F,F,P,P,,90,85,490
NYSE,HOG,"Harley-Davidson, Inc.",46.62,$7.95B,n/a,Consumer Non-Durables,Motor Vehicles,http://www.nasdaq.com/symbol/hog,1,0,0,0,0,0,1,0,"Milwaukee, WI",P,N,N,N,N,N,N,N,N,,10,10,431
NYSE,HRS,Harris Corporation,136.56,$16.27B,n/a,Capital Goods,Industrial Machinery/Components,http://www.nasdaq.com/symbol/hrs,1,0,0,0,0,0,1,0,"Melbourne, FL",F,F,F,F,F,F,F,F,F,,100,100,517
NasDaq,HAS,"Hasbro, Inc.",96.62,$12.09B,n/a,Consumer Non-Durables,Recreational Products/Toys,http://www.nasdaq.com/symbol/has,1,0,0,0,0,0,1,0,"Pawtucket, RI",F,F,F,F,F,F,F,F,F,,100,90,595
NYSE,HCA,"HCA Healthcare, Inc.",74.58,$26.94B,2011,Health Care,Hospital/Nursing Management,http://www.nasdaq.com/symbol/hca,1,0,0,0,0,0,1,0,"Nashville, TN",F,F,N,F,F,F,F,P,F,,90,70,75
NYSE,HLS,HealthSouth Corporation,45.23,$4.47B,n/a,Health Care,Hospital/Nursing Management,http://www.nasdaq.com/symbol/hls,1,0,0,0,0,0,1,0,"Birmingham, AL",F,N,F,F,F,N,N,F,P,,55,,893
NasDaq,HSIC,"Henry Schein, Inc.",80.93,$12.8B,1995,Health Care,Medical Specialities,http://www.nasdaq.com/symbol/hsic,1,0,0,0,0,0,1,0,"Melville, NY",F,F,F,F,F,F,F,F,F,,100,100,287
NasDaq,MLHR,"Herman Miller, Inc.",35.7,$2.13B,n/a,Consumer Durables,Office Equipment/Supplies/Services,http://www.nasdaq.com/symbol/mlhr,1,0,0,0,0,0,1,0,"Zeeland, MI",F,F,F,F,F,F,F,F,F,,100,100,
NYSE,HSY,Hershey Company (The),110.07,$23.38B,n/a,Consumer Non-Durables,Specialty Foods,http://www.nasdaq.com/symbol/hsy,1,0,0,1,0,0,1,1,"Hershey, PA",F,F,F,F,F,F,F,F,F,,100,100,376
NYSE,HTZ,"Hertz Global Holdings, Inc",26.27,$2.2B,2016,Consumer Services,Rental/Leasing Companies,http://www.nasdaq.com/symbol/htz,1,0,0,0,0,0,1,0,"Park Ridge, NJ",F,F,F,F,P,N,N,N,P,,55,55,
NYSE,HES,Hess Corporation,44.99,$14.3B,n/a,Energy,Integrated oil Companies,http://www.nasdaq.com/symbol/hes,1,0,0,1,0,1,1,0,"New York, NY",F,F,F,F,F,N,N,N,P,,65,65,141
NYSE,HPE,Hewlett Packard Enterprise Company,14.89,$24.11B,2015,Technology,Computer Manufacturing,http://www.nasdaq.com/symbol/hpe,1,0,0,0,0,0,1,0,"Palo Alto, CA",F,F,F,F,F,F,F,F,F,,100,,
NYSE,HLT,Hilton Worldwide Holdings Inc.,71.16,$22.84B,2016,Consumer Services,Hotels/Resorts,http://www.nasdaq.com/symbol/hlt,1,0,0,0,0,0,1,0,"McLean, VA",F,F,F,F,F,F,F,F,F,,100,100,280
NYSE,HFC,HollyFrontier Corporation,36.38,$6.45B,n/a,Energy,Integrated oil Companies,http://www.nasdaq.com/symbol/hfc,1,0,0,0,0,0,1,0,"Dallas, TX",P,P,N,N,N,N,N,N,N,,20,20,150
NYSE,HD,"Home Depot, Inc. (The)",164.47,$193.88B,n/a,Consumer Services,RETAIL: Building Materials,http://www.nasdaq.com/symbol/hd,1,0,0,0,0,1,1,0,"Atlanta, GA",F,F,F,F,F,F,F,F,F,,100,100,33
NYSE,HON,Honeywell International Inc.,143.37,$109.04B,n/a,Capital Goods,Auto Parts:O.E.M.,http://www.nasdaq.com/symbol/hon,1,0,0,1,1,1,1,0,"Morris Township, NJ",F,F,F,F,P,N,F,F,P,,75,75,74
NYSE,HRL,Hormel Foods Corporation,31.85,$16.81B,n/a,Consumer Non-Durables,Meat/Poultry/Fish,http://www.nasdaq.com/symbol/hrl,1,0,0,0,0,0,1,0,"Austin, MN",F,F,F,F,F,F,F,F,F,,100,100,310
NYSE,HST,"Host Hotels & Resorts, Inc.",19.51,$14.44B,n/a,Consumer Services,Real Estate Investment Trusts,http://www.nasdaq.com/symbol/hst,1,0,0,0,0,0,1,0,"Bethesda, MD",N,N,N,F,N,N,N,N,N,,10,20,485
NasDaq,HMHC,Houghton Mifflin Harcourt Company,11.175,$1.38B,2013,Consumer Services,Books,http://www.nasdaq.com/symbol/hmhc,1,0,0,0,0,0,1,0,"Boston, MA",F,F,F,F,F,N,F,P,P,,80,80,
NYSE,HPQ,HP Inc.,21.71,$36.26B,n/a,Technology,Computer Manufacturing,http://www.nasdaq.com/symbol/hpq,1,0,0,1,0,1,1,1,"Palo Alto, CA",F,F,F,F,F,F,F,F,F,,100,100,19
NYSE,HRG,"HRG Group, Inc.",15.61,$3.13B,n/a,Miscellaneous,Industrial Machinery/Components,http://www.nasdaq.com/symbol/hrg,1,0,0,0,0,0,1,0,"New York, NY",P,N,N,N,N,N,N,N,N,,10,10,447
NasDaq,HSNI,"HSN, Inc.",37.05,$1.94B,n/a,Consumer Services,Other Specialty Stores,http://www.nasdaq.com/symbol/hsni,1,0,0,0,0,0,1,0,"St. Petersburg, FL",F,F,F,F,F,N,F,P,F,,85,85,669
NYSE,HUM,Humana Inc.,237.73,$34.36B,n/a,Health Care,Medical Specialities,http://www.nasdaq.com/symbol/hum,1,0,0,0,0,0,1,0,"Louisville, KY",F,F,F,F,F,F,F,F,F,,100,100,58
NasDaq,HBAN,Huntington Bancshares Incorporated,13.7,$14.93B,n/a,Finance,Major Banks,http://www.nasdaq.com/symbol/hban,1,0,0,0,0,0,1,0,"Columbus, OH",F,F,F,F,F,F,F,F,F,,100,100,765
NYSE,HII,"Huntington Ingalls Industries, Inc.",234.4,$10.64B,n/a,Capital Goods,Marine Transportation,http://www.nasdaq.com/symbol/hii,1,0,0,0,0,0,1,0,"Newport News, VA",F,F,F,F,F,N,F,F,P,,85,10,390
NYSE,HUN,Huntsman Corporation,29.32,$7.8B,2005,Basic Industries,Major Chemicals,http://www.nasdaq.com/symbol/hun,1,0,0,0,1,0,1,0,"The Woodlands, TX",F,N,F,F,F,N,N,P,P,,55,35,259
NasDaq,HURN,Huron Consulting Group Inc.,36.2,$800.28M,2004,Consumer Services,Professional Services,http://www.nasdaq.com/symbol/hurn,1,0,0,0,0,0,1,0,"Chicago, IL",F,F,F,F,F,F,F,F,F,,100,100,
NYSE,H,Hyatt Hotels Corporation,61.42,$7.46B,2009,Consumer Services,Hotels/Resorts,http://www.nasdaq.com/symbol/h,1,0,0,0,0,0,1,0,"Chicago, IL",F,F,F,F,F,F,F,F,F,,100,100,583
NYSE,IBM,International Business Machines Corporation,147.1,$137.09B,n/a,Technology,Computer Manufacturing,http://www.nasdaq.com/symbol/ibm,1,0,0,1,0,1,1,0,"Armonk, NY",F,F,F,F,F,F,F,F,F,,100,100,24
NasDaq,INFO,IHS Markit Ltd.,43.9,$18.62B,1996,Technology,"Computer Software: Programming, Data Processing",http://www.nasdaq.com/symbol/info,1,0,0,0,0,0,1,0,"New York, NY",F,F,F,F,F,F,N,F,F,,90,,
NYSE,ITW,Illinois Tool Works Inc.,152.82,$52.59B,n/a,Technology,Industrial Machinery/Components,http://www.nasdaq.com/symbol/itw,1,0,0,0,0,1,1,0,"Glenview, IL",F,F,F,F,F,N,N,P,P,,65,60,201
NYSE,IR,Ingersoll-Rand plc (Ireland),91.32,$23.16B,n/a,Capital Goods,Auto Parts:O.E.M.,http://www.nasdaq.com/symbol/ir,1,0,0,0,0,0,1,0,"Davidson, NC",F,F,F,F,F,F,F,F,F,,100,90,
NYSE,INGR,Ingredion Incorporated,124.25,$8.91B,n/a,Consumer Non-Durables,Packaged Foods,http://www.nasdaq.com/symbol/ingr,1,0,0,0,1,0,1,0,"Westchester, IL",N,N,N,N,N,N,N,N,N,,0,0,462
NasDaq,NSIT,"Insight Enterprises, Inc.",45.17,$1.62B,1995,Consumer Services,Catalog/Specialty Distribution,http://www.nasdaq.com/symbol/nsit,1,0,0,0,0,0,1,0,"Tempe, AZ",F,F,F,F,F,N,N,P,P,,65,60,493
NasDaq,INTC,Intel Corporation,39.67,$186.41B,n/a,Technology,Semiconductors,http://www.nasdaq.com/symbol/intc,1,0,0,1,0,1,1,0,"Santa Clara, CA",F,F,F,F,F,F,F,F,F,,100,100,52
NYSE,IP,International Paper Company,57.45,$23.72B,n/a,Basic Industries,Paper,http://www.nasdaq.com/symbol/ip,1,0,0,0,1,0,1,0,"Memphis, TN",P,P,N,F,P,N,N,F,N,,45,25,114
NYSE,IPG,"Interpublic Group of Companies, Inc. (The)",20.82,$8.19B,n/a,Technology,Advertising,http://www.nasdaq.com/symbol/ipg,1,0,0,0,0,0,1,0,"New York, NY",F,F,F,F,F,F,F,F,F,,100,100,372
NasDaq,INTL,INTL FCStone Inc.,39.53,$739.98M,n/a,Finance,Investment Bankers/Brokers/Service,http://www.nasdaq.com/symbol/intl,1,0,0,0,0,0,1,0,"New York, NY",P,N,N,N,N,N,N,N,N,,10,10,93
NasDaq,INTU,Intuit Inc.,145.65,$37.14B,1993,Technology,Computer Software: Prepackaged Software,http://www.nasdaq.com/symbol/intu,1,0,0,0,0,1,1,0,"Mountain View, CA",F,F,F,F,F,F,F,F,F,,100,100,572
NYSE,ITT,ITT Inc.,46.25,$4.07B,2011,Capital Goods,Fluid Controls,http://www.nasdaq.com/symbol/itt,1,0,0,0,0,0,1,0,"White Plains, NY",P,P,F,F,P,N,N,F,P,,55,55,823
NasDaq,JBHT,"J.B. Hunt Transport Services, Inc.",104.01,$11.38B,n/a,Transportation,Trucking Freight/Courier Services,http://www.nasdaq.com/symbol/jbht,1,0,0,0,0,0,1,0,"Lowell, AR",P,P,N,N,N,N,N,N,N,,20,0,434
NYSE,SJM,J.M. Smucker Company (The),105.11,$11.94B,n/a,Consumer Non-Durables,Packaged Foods,http://www.nasdaq.com/symbol/sjm,1,0,0,1,0,0,1,0,"Orrville, OH",F,F,F,F,F,F,F,P,P,,90,75,467
NYSE,JCP,"J.C. Penney Company, Inc. Holding Company",3.41,$1.06B,n/a,Consumer Services,Department/Specialty Retail Stores,http://www.nasdaq.com/symbol/jcp,1,0,0,0,0,0,1,0,"Plano, TX",F,F,F,F,F,F,F,F,F,,100,100,250
NYSE,JBL,Jabil Inc.,28.24,$5.06B,1993,Technology,Electrical Products,http://www.nasdaq.com/symbol/jbl,1,0,0,0,0,0,1,0,"St. Petersburg, FL",P,N,N,N,N,N,N,N,N,,10,10,191
NYSE,JEC,Jacobs Engineering Group Inc.,58.55,$7.04B,n/a,Basic Industries,Military/Government/Technical,http://www.nasdaq.com/symbol/jec,1,0,0,0,0,0,1,0,"Pasadena, CA",P,P,N,F,P,N,N,N,N,,35,35,239
NasDaq,JBLU,JetBlue Airways Corporation,20.37,$6.7B,2002,Transportation,Air Freight/Delivery Services,http://www.nasdaq.com/symbol/jblu,1,0,0,0,1,0,1,0,"Long Island City, NY",F,F,F,F,F,F,F,F,F,,100,100,454
NYSE,JNJ,Johnson & Johnson,136.43,$366.18B,n/a,Health Care,Major Pharmaceuticals,http://www.nasdaq.com/symbol/jnj,1,0,0,1,0,1,1,0,"New Brunswick, NJ",F,F,F,F,F,F,F,F,F,,100,100,37
NYSE,JCI,Johnson Controls International plc,41.69,$38.87B,n/a,Consumer Services,Other Consumer Services,http://www.nasdaq.com/symbol/jci,1,0,0,0,0,1,1,1,"Milwaukee, WI",F,F,F,F,F,N,N,F,P,,75,60,66
NYSE,JPM,J P Morgan Chase & Co,95.86,$332.61B,n/a,Finance,Major Banks,http://www.nasdaq.com/symbol/jpm,1,0,0,0,0,1,1,0,"New York, NY",F,F,F,F,F,F,F,F,F,,100,100,21
NasDaq,KALU,Kaiser Aluminum Corporation,106.54,$1.8B,n/a,Capital Goods,Metal Fabrications,http://www.nasdaq.com/symbol/kalu,1,0,0,0,0,0,1,0,"Oakland, CA",F,F,F,F,F,F,F,F,F,,100,100,
NYSE,KBH,KB Home,26.89,$2.57B,1986,Capital Goods,Homebuilding,http://www.nasdaq.com/symbol/kbh,1,0,0,0,0,0,1,0,"Los Angeles, CA",P,P,N,F,P,N,N,N,N,,35,35,895
NYSE,KBR,"KBR, Inc.",17.65,$2.47B,2006,Basic Industries,Military/Government/Technical,http://www.nasdaq.com/symbol/kbr,1,0,0,0,0,0,1,0,"Houston, TX",P,P,N,N,N,N,N,N,N,,20,20,424
NYSE,K,Kellogg Company,61.96,$21.38B,n/a,Consumer Non-Durables,Packaged Foods,http://www.nasdaq.com/symbol/k,1,0,0,1,0,1,1,1,"Battle Creek, MI",F,F,F,F,F,F,F,F,F,,100,100,210
NasDaq,KELYA,"Kelly Services, Inc.",26.12,$1B,n/a,Technology,Professional Services,http://www.nasdaq.com/symbol/kelya,1,0,0,0,0,0,1,0,"Troy, MI",F,F,F,F,F,F,F,P,F,,95,95,471
NYSE,KMB,Kimberly-Clark Corporation,118.56,$41.89B,n/a,Consumer Durables,Containers/Packaging,http://www.nasdaq.com/symbol/kmb,1,0,0,1,0,1,1,1,"Irving, TX",F,F,F,F,F,F,F,F,F,,100,90,140
NYSE,KND,"Kindred Healthcare, Inc.",6,$522.11M,n/a,Health Care,Hospital/Nursing Management,http://www.nasdaq.com/symbol/knd,1,0,0,0,0,0,1,0,"Louisville, KY",P,P,N,N,N,N,N,N,N,,20,10,491
NasDaq,KLAC,KLA-Tencor Corporation,105.3,$16.52B,1980,Capital Goods,Electronic Components,http://www.nasdaq.com/symbol/klac,1,0,0,0,0,0,1,0,"Milpitas, CA",P,N,N,F,N,N,N,P,N,,25,25,769
NYSE,KSS,Kohl&#39;s Corporation,42.14,$7.1B,1992,Consumer Services,Department/Specialty Retail Stores,http://www.nasdaq.com/symbol/kss,1,0,0,0,0,1,1,0,"Menomonee Falls, WI",F,F,F,F,F,F,F,F,P,,95,60,157
NasDaq,KHC,The Kraft Heinz Company,77.74,$94.71B,n/a,Consumer Non-Durables,Packaged Foods,http://www.nasdaq.com/symbol/khc,1,0,0,0,0,0,1,0,"Pittsburgh, PA",F,F,F,F,F,F,N,F,P,,80,,
NYSE,KR,Kroger Company (The),21.3,$18.95B,n/a,Consumer Services,Food Chains,http://www.nasdaq.com/symbol/kr,1,0,0,0,1,0,1,0,"Cincinnati, OH",F,F,F,F,F,F,F,F,P,,95,95,20
NYSE,LB,"L Brands, Inc.",41.84,$11.88B,n/a,Consumer Services,Clothing/Shoe/Accessory Stores,http://www.nasdaq.com/symbol/lb,1,0,0,0,0,0,1,0,"Columbus, OH",F,F,F,F,F,F,F,F,P,,95,95,262
NYSE,LVLT,"Level 3 Communications, Inc.",55.36,$20.08B,2011,Public Utilities,Telecommunications Equipment,http://www.nasdaq.com/symbol/lvlt,1,0,0,0,0,0,1,0,"New York, NY",P,P,N,F,F,N,N,N,N,,40,20,252
NYSE,LH,Laboratory Corporation of America Holdings,149.6,$15.23B,n/a,Health Care,Medical Specialities,http://www.nasdaq.com/symbol/lh,1,0,0,0,0,0,1,0,"Burlington, NC",P,P,N,N,N,N,N,N,N,,20,20,440
NYSE,LVS,Las Vegas Sands Corp.,62.01,$49.07B,2004,Consumer Services,Hotels/Resorts,http://www.nasdaq.com/symbol/lvs,1,0,0,0,0,1,1,0,"Las Vegas, NV",P,N,N,N,N,N,N,N,N,,10,10,209
NYSE,LEA,Lear Corporation,173.37,$11.79B,n/a,Capital Goods,Auto Parts:O.E.M.,http://www.nasdaq.com/symbol/lea,1,0,0,0,0,0,1,0,"Southfield, MI",F,F,F,F,F,F,F,F,F,,100,85,174
NYSE,LM,"Legg Mason, Inc.",38.74,$3.63B,n/a,Finance,Investment Managers,http://www.nasdaq.com/symbol/lm,1,0,0,0,0,0,1,0,"Baltimore, MD",F,F,F,F,F,F,F,F,P,,95,10,808
NYSE,LUK,Leucadia National Corporation,25.29,$9.07B,n/a,Consumer Non-Durables,Meat/Poultry/Fish,http://www.nasdaq.com/symbol/luk,1,0,0,0,0,0,1,0,"New York, NY",N,N,N,N,N,N,N,N,N,,0,0,244
NasDaq,LPNT,"LifePoint Health, Inc.",55,$2.21B,n/a,Health Care,Hospital/Nursing Management,http://www.nasdaq.com/symbol/lpnt,1,0,0,0,0,0,1,0,"Brentwood, TN",N,N,N,N,N,N,N,N,N,,0,,495
NYSE,LAD,"Lithia Motors, Inc.",114.72,$2.87B,n/a,Consumer Durables,Automotive Aftermarket,http://www.nasdaq.com/symbol/lad,1,0,0,0,0,0,1,0,"Medford, OR",N,N,N,N,N,N,N,N,N,,0,,482
NYSE,LYV,"Live Nation Entertainment, Inc.",41.97,$8.65B,n/a,Consumer Services,Services-Misc. Amusement & Recreation,http://www.nasdaq.com/symbol/lyv,1,0,0,0,0,0,1,0,"Beverly Hills, CA",F,F,F,F,F,N,N,F,P,,75,75,392
NasDaq,LKQ,LKQ Corporation,37.27,$11.51B,n/a,Consumer Services,Motor Vehicles,http://www.nasdaq.com/symbol/lkq,1,0,0,0,0,0,1,0,"Chicago, IL",N,N,N,N,N,N,N,N,N,,0,0,403
NYSE,LMT,Lockheed Martin Corporation,319.39,$91.98B,n/a,Capital Goods,Military/Government/Technical,http://www.nasdaq.com/symbol/lmt,1,0,0,1,1,1,1,0,"Bethesda, MD",F,F,F,F,F,F,F,F,F,,100,100,64
NYSE,LOW,"Lowe&#39;s Companies, Inc.",82.33,$68.57B,n/a,Consumer Services,RETAIL: Building Materials,http://www.nasdaq.com/symbol/low,1,0,0,0,0,1,1,0,"New York, NY",F,F,F,F,F,N,N,P,F,,75,25,211
NasDaq,LPLA,LPL Financial Holdings Inc.,53,$4.77B,2010,Finance,Investment Bankers/Brokers/Service,http://www.nasdaq.com/symbol/lpla,1,0,0,0,0,0,1,0,"Boston, MA",F,F,F,F,F,F,F,F,F,,100,95,
NYSE,M,Macy&#39;s Inc,20.2,$6.15B,n/a,Consumer Services,Department/Specialty Retail Stores,http://www.nasdaq.com/symbol/m,1,0,0,0,0,0,1,0,"Cincinnati, OH",F,F,F,F,F,F,F,F,F,,100,100,105
NYSE,MNK,Mallinckrodt plc,33.29,$3.24B,2013,Health Care,Major Pharmaceuticals,http://www.nasdaq.com/symbol/mnk,1,0,0,0,0,0,1,0,"Hazelwood, MO",F,F,F,F,F,F,F,F,F,,100,,
NYSE,MAN,ManpowerGroup,122.32,$8.16B,n/a,Technology,Professional Services,http://www.nasdaq.com/symbol/man,1,0,0,0,0,0,1,0,"Milwaukee, WI",F,F,F,F,F,F,F,F,F,,100,100,144
NYSE,MRO,Marathon Oil Corporation,13.75,$11.69B,n/a,Energy,Oil & Gas Production,http://www.nasdaq.com/symbol/mro,1,0,0,0,0,1,1,0,"Houston, TX",F,F,F,F,F,N,F,F,P,,85,85,227
NYSE,MPC,Marathon Petroleum Corporation,56.37,$28.54B,n/a,Energy,Integrated oil Companies,http://www.nasdaq.com/symbol/mpc,1,0,0,0,0,1,1,0,"Findlay, OH",F,F,F,F,F,N,N,F,P,,75,55,25
NasDaq,MAR,Marriott International,115.11,$42.87B,n/a,Consumer Services,Hotels/Resorts,http://www.nasdaq.com/symbol/mar,1,0,0,1,0,0,1,0,"Bethesda, MD",F,F,F,F,F,F,F,F,F,,100,100,221
NYSE,MMC,"Marsh & McLennan Companies, Inc.",83.9,$43B,n/a,Finance,Specialty Insurers,http://www.nasdaq.com/symbol/mmc,1,0,0,0,0,1,1,0,"New York, NY",F,F,F,F,F,F,F,F,F,,100,100,235
NYSE,MAS,Masco Corporation,38.92,$12.4B,n/a,Basic Industries,Forest Products,http://www.nasdaq.com/symbol/mas,1,0,0,0,0,0,1,0,"Taylor, MI",P,N,N,N,N,N,N,N,N,,10,10,334
NYSE,MA,Mastercard Incorporated,147.34,$163.38B,2006,Miscellaneous,Business Services,http://www.nasdaq.com/symbol/ma,1,0,0,0,0,1,1,0,"Purchase, NY",F,F,F,F,F,F,F,F,F,,100,100,308
NasDaq,MAT,"Mattel, Inc.",15.74,$5.39B,n/a,Consumer Non-Durables,Recreational Products/Toys,http://www.nasdaq.com/symbol/mat,1,0,0,0,0,0,1,0,"El Segundo, CA",F,F,F,F,F,F,F,F,F,,100,100,439
NYSE,MKC,"McCormick & Company, Incorporated",98.51,$12.9B,n/a,Consumer Non-Durables,Packaged Foods,http://www.nasdaq.com/symbol/mkc,1,0,0,1,0,0,1,1,"Sparks, MD",F,F,F,F,F,F,N,F,P,,80,70,598
NYSE,MDR,"McDermott International, Inc.",6.96,$1.98B,n/a,Capital Goods,Metal Fabrications,http://www.nasdaq.com/symbol/mdr,1,0,0,0,0,0,1,0,"Chicago, IL",F,F,F,F,F,F,F,F,F,,100,100,
NYSE,MCD,McDonald&#39;s Corporation,165.37,$133.95B,n/a,Consumer Services,Restaurants,http://www.nasdaq.com/symbol/mcd,1,0,0,0,0,1,1,0,"Oak Brook, IL",F,F,F,F,F,F,F,F,F,,100,100,110
NYSE,MCK,McKesson Corporation,147.17,$30.94B,n/a,Health Care,Other Pharmaceuticals,http://www.nasdaq.com/symbol/mck,1,0,0,0,0,1,1,0,"San Francisco, CA",F,F,F,F,F,F,F,F,F,,100,100,11
NYSE,MDT,Medtronic plc,78.07,$106.06B,n/a,Health Care,Biotechnology: Electromedical & Electrotherapeutic Apparatus,http://www.nasdaq.com/symbol/mdt,1,0,0,1,0,1,1,0,"Minneapolis, MN",F,F,F,F,F,F,F,F,F,,100,100,
NYSE,MRK,"Merck & Company, Inc.",63.39,$172.89B,n/a,Health Care,Major Pharmaceuticals,http://www.nasdaq.com/symbol/mrk,1,0,0,1,0,1,1,0,"Kenilworth, NJ",F,F,F,F,F,F,F,F,F,,100,100,71
NYSE,MET,"MetLife, Inc.",52.72,$55.94B,2000,Finance,Life Insurance,http://www.nasdaq.com/symbol/met,1,0,0,0,0,1,1,0,"New York, NY",F,F,F,F,F,F,F,F,F,,100,100,39
NYSE,MGM,MGM Resorts International,29.74,$17.11B,n/a,Consumer Services,Hotels/Resorts,http://www.nasdaq.com/symbol/mgm,1,0,0,0,0,0,1,0,"Las Vegas, NV",F,F,F,F,F,F,F,F,F,,100,100,289
NasDaq,MU,"Micron Technology, Inc.",40.4,$45.01B,n/a,Technology,Semiconductors,http://www.nasdaq.com/symbol/mu,1,0,0,1,0,0,1,0,"Boise, ID",P,P,N,F,F,N,N,N,N,,40,20,190
NasDaq,MSFT,Microsoft Corporation,77.49,$596.85B,1986,Technology,Computer Software: Prepackaged Software,http://www.nasdaq.com/symbol/msft,1,0,0,1,0,1,1,0,"Redmond, WA",F,F,F,F,F,F,F,F,F,,100,100,31
NYSE,MHK,"Mohawk Industries, Inc.",254.99,$18.96B,n/a,Consumer Durables,Home Furnishings,http://www.nasdaq.com/symbol/mhk,1,0,0,0,0,0,1,0,"Calhoun, GA",P,P,N,F,P,N,N,N,N,,35,15,362
NYSE,MOH,Molina Healthcare Inc,61.28,$3.5B,2003,Health Care,Medical Specialities,http://www.nasdaq.com/symbol/moh,1,0,0,0,0,0,1,0,"Long Beach, CA",F,F,F,F,F,N,N,P,N,,60,60,301
NasDaq,MDLZ,"Mondelez International, Inc.",41.68,$62.84B,n/a,Consumer Non-Durables,Packaged Foods,http://www.nasdaq.com/symbol/mdlz,1,0,0,1,1,1,1,0,"East Hanover, NJ",F,F,F,F,F,F,F,F,F,,100,100,91
NYSE,MON,Monsanto Company,122.3,$53.73B,n/a,Basic Industries,Agricultural Chemicals,http://www.nasdaq.com/symbol/mon,1,0,0,0,1,1,1,0,"St. Louis, MO",F,F,F,F,F,F,F,F,F,,100,100,197
NYSE,MCO,Moody&#39;s Corporation,144.24,$27.55B,n/a,Finance,Finance: Consumer Services,http://www.nasdaq.com/symbol/mco,1,0,0,0,0,0,1,0,"New York, NY",F,F,F,F,F,F,F,F,F,,100,100,699
NasDaq,MORN,"Morningstar, Inc.",85.63,$3.64B,2005,Finance,Investment Managers,http://www.nasdaq.com/symbol/morn,1,0,0,0,0,0,1,0,"Chicago, IL",F,F,F,F,F,F,N,F,F,,90,85,
NYSE,MOS,Mosaic Company (The),21.78,$7.65B,n/a,Basic Industries,Agricultural Chemicals,http://www.nasdaq.com/symbol/mos,1,0,0,0,1,1,1,0,"Plymouth, MN",F,F,F,F,F,F,N,P,F,,85,85,320
NYSE,MSI,"Motorola Solutions, Inc.",89.93,$14.63B,n/a,Technology,Radio And Television Broadcasting And Communications Equipment,http://www.nasdaq.com/symbol/msi,1,0,0,1,0,1,1,0,"Schaumburg, IL",F,F,N,F,F,N,F,F,P,,75,80,363
NYSE,MRC,MRC Global Inc.,18.23,$1.72B,2012,Capital Goods,Industrial Machinery/Components,http://www.nasdaq.com/symbol/mrc,1,0,0,0,0,0,1,0,"Houston, TX",P,N,N,N,N,N,N,N,N,,10,10,448
NYSE,MUR,Murphy Oil Corporation,25.64,$4.42B,n/a,Energy,Oil & Gas Production,http://www.nasdaq.com/symbol/mur,1,0,0,0,0,0,1,0,"El Dorado, AR",P,N,N,N,N,N,N,N,N,,10,10,350
NYSE,MUSA,Murphy USA Inc.,73.55,$2.65B,2013,Consumer Durables,Automotive Aftermarket,http://www.nasdaq.com/symbol/musa,1,0,0,0,0,0,1,0,"El Dorado, AR",N,N,N,N,N,N,N,N,N,,0,0,202
NYSE,NOV,"National Oilwell Varco, Inc.",34.65,$13.17B,n/a,Energy,Metal Fabrications,http://www.nasdaq.com/symbol/nov,1,0,0,0,0,1,1,0,"Houston, TX",P,N,N,N,N,N,N,N,N,,10,10,127
NYSE,NCI,"Navigant Consulting, Inc.",17.09,$798.62M,n/a,Consumer Services,Professional Services,http://www.nasdaq.com/symbol/nci,1,0,0,0,0,0,1,0,"Chicago, IL",F,F,F,F,F,F,F,F,F,,100,100,
NYSE,NCR,NCR Corporation,37.54,$4.56B,n/a,Miscellaneous,Office Equipment/Supplies/Services,http://www.nasdaq.com/symbol/ncr,1,0,0,0,0,0,1,0,"Duluth, GA",F,F,F,F,F,F,F,F,F,,100,100,412
NasDaq,NTAP,"NetApp, Inc.",43.63,$11.77B,1995,Technology,Electronic Components,http://www.nasdaq.com/symbol/ntap,1,0,0,1,0,1,1,0,"Sunnyvale, CA",F,F,F,F,F,F,F,F,P,,95,95,428
NasDaq,NFLX,"Netflix, Inc.",199.49,$86.13B,2002,Consumer Services,Consumer Electronics/Video Chains,http://www.nasdaq.com/symbol/nflx,1,0,0,0,0,0,1,0,"Los Gatos, CA",F,F,F,F,F,F,F,F,F,,100,90,474
NYSE,NYT,New York Times Company (The),19.15,$3.1B,n/a,Consumer Services,Newspapers/Magazines,http://www.nasdaq.com/symbol/nyt,1,0,0,0,0,0,1,0,"New York, NY",F,F,F,F,F,N,F,F,P,,85,85,
NYSE,NEM,Newmont Mining Corporation,38.59,$20.58B,n/a,Basic Industries,Precious Metals,http://www.nasdaq.com/symbol/nem,1,0,0,0,1,1,1,0,"Greenwood Village, CO",F,F,F,F,F,F,F,F,F,,100,80,379
NasDaq,NWS,News Corporation,14.05,$8.19B,n/a,Consumer Services,Newspapers/Magazines,http://www.nasdaq.com/symbol/nws,1,0,0,0,0,0,1,1,"New York, NY",N,N,N,N,N,N,N,N,N,,0,,331
NYSE,NLSN,Nielsen N.V.,39.7,$14.16B,2011,Miscellaneous,Business Services,http://www.nasdaq.com/symbol/nlsn,1,0,0,0,0,0,1,0,"New York City, NY",F,F,F,F,F,F,F,F,F,,100,100,
NYSE,NKE,"Nike, Inc.",50.98,$83.17B,n/a,Consumer Non-Durables,Shoe Manufacturing,http://www.nasdaq.com/symbol/nke,1,0,0,0,0,1,1,0,"Beaverton, OR",F,F,F,F,F,F,F,F,F,,100,100,106
NYSE,NI,"NiSource, Inc",26.6,$8.67B,n/a,Public Utilities,Power Generation,http://www.nasdaq.com/symbol/ni,1,0,0,0,0,0,1,0,"Merrillville, IN",F,F,F,F,F,N,N,F,P,,75,75,418
NYSE,JWN,"Nordstrom, Inc.",42.65,$7.09B,n/a,Consumer Services,Clothing/Shoe/Accessory Stores,http://www.nasdaq.com/symbol/jwn,1,0,0,0,0,0,1,0,"Seattle, WA",F,F,F,F,F,F,F,F,F,,100,100,224
NYSE,NSC,Norfolk Souther Corporation,131.65,$37.94B,n/a,Transportation,Railroads,http://www.nasdaq.com/symbol/nsc,1,0,0,0,0,1,1,0,"Norfolk, VA",F,F,F,F,F,N,F,F,P,,80,45,256
NasDaq,NTRS,Northern Trust Corporation,92.99,$21.25B,n/a,Finance,Major Banks,http://www.nasdaq.com/symbol/ntrs,1,0,0,0,0,0,1,0,"Chicago, IL",F,F,F,F,F,F,F,F,F,,100,100,571
NYSE,NOC,Northrop Grumman Corporation,296.4,$51.6B,n/a,Capital Goods,Industrial Machinery/Components,http://www.nasdaq.com/symbol/noc,1,0,0,0,1,1,1,0,"Falls Church, VA",F,F,F,F,F,F,F,F,F,,100,100,124
NYSE,NRG,"NRG Energy, Inc.",26.06,$8.25B,n/a,Public Utilities,Electric Utilities: Central,http://www.nasdaq.com/symbol/nrg,1,0,0,0,0,0,1,0,"Princeton, NJ",F,F,N,F,F,N,F,P,P,,70,65,196
NYSE,NUE,Nucor Corporation,58.31,$18.63B,n/a,Basic Industries,Steel/Iron Ore,http://www.nasdaq.com/symbol/nue,1,0,0,0,1,0,1,0,"Charlotte, NC",P,N,N,N,N,N,N,N,N,,10,10,139
NasDaq,NVDA,NVIDIA Corporation,194.59,$116.75B,1999,Technology,Semiconductors,http://www.nasdaq.com/symbol/nvda,1,0,0,0,0,0,1,0,"Santa Clara, CA",F,F,F,F,F,F,F,F,F,,100,100,553
NYSE,OXY,Occidental Petroleum Corporation,64.73,$49.49B,n/a,Energy,Oil & Gas Production,http://www.nasdaq.com/symbol/oxy,1,0,0,1,0,1,1,0,"Los Angeles, CA",P,P,N,N,N,N,N,N,N,,20,20,115
NasDaq,ODP,"Office Depot, Inc.",3.81,$1.97B,n/a,Consumer Services,Other Specialty Stores,http://www.nasdaq.com/symbol/odp,1,0,0,0,0,0,1,1,"Boca Raton, FL",F,F,F,F,F,F,F,F,F,,100,100,194
NYSE,ORI,Old Republic International Corporation,19.73,$5.2B,n/a,Finance,Property-Casualty Insurers,http://www.nasdaq.com/symbol/ori,1,0,0,0,0,0,1,0,"Chicago, IL",N,N,N,N,N,N,N,N,N,,0,0,472
NYSE,OMC,Omnicom Group Inc.,75.14,$17.34B,n/a,Technology,Advertising,http://www.nasdaq.com/symbol/omc,1,0,0,0,0,0,1,0,"New York, NY",F,F,F,F,F,F,F,F,F,,100,85,200
NYSE,OGS,"ONE Gas, Inc.",74.75,$3.91B,2014,Public Utilities,Oil/Gas Transmission,http://www.nasdaq.com/symbol/ogs,1,0,0,0,0,0,1,0,"Tulsa, OK",F,F,F,F,F,N,N,P,P,,70,70,
NYSE,OKE,"ONEOK, Inc.",56.47,$21.46B,n/a,Public Utilities,Oil & Gas Production,http://www.nasdaq.com/symbol/oke,1,0,0,0,0,0,1,0,"Tulsa, OK",F,F,F,F,F,N,F,F,P,,85,85,237
NYSE,OPY,"Oppenheimer Holdings, Inc.",17.85,$236.36M,n/a,Finance,Investment Bankers/Brokers/Service,http://www.nasdaq.com/symbol/opy,1,0,0,0,0,0,1,0,"New York, NY",F,F,F,F,F,F,F,F,F,,100,60,
NYSE,ORCL,Oracle Corporation,48.61,$202.87B,1986,Technology,Computer Software: Prepackaged Software,http://www.nasdaq.com/symbol/orcl,1,0,0,0,0,1,1,0,"Redwood City, CA",F,F,F,F,F,F,F,F,F,,100,100,81
NasDaq,ORLY,"O&#39;Reilly Automotive, Inc.",209.72,$18.46B,1993,Consumer Services,Other Specialty Stores,http://www.nasdaq.com/symbol/orly,1,0,0,0,0,0,1,0,"Springfield, MO",P,N,N,N,N,N,N,N,N,,10,10,381
NYSE,OSK,Oshkosh Corporation,87.05,$6.51B,n/a,Capital Goods,Auto Manufacturing,http://www.nasdaq.com/symbol/osk,1,0,0,0,0,0,1,0,"Oshkosh, WI",P,P,N,N,N,N,N,N,N,,20,10,394
NasDaq,OSTK,"Overstock.com, Inc.",29.2,$730.01M,2002,Consumer Services,Catalog/Specialty Distribution,http://www.nasdaq.com/symbol/ostk,1,0,0,0,0,0,1,0,"Salt Lake City, UT",F,F,F,F,F,N,N,F,F,,80,80,
NYSE,OMI,"Owens & Minor, Inc.",27.98,$1.71B,n/a,Health Care,Medical Specialities,http://www.nasdaq.com/symbol/omi,1,0,0,0,0,0,1,0,"Mechanicsville, VA",F,F,F,F,F,N,F,F,P,,80,85,309
NYSE,OC,Owens Corning Inc,79.25,$8.81B,n/a,Capital Goods,Industrial Machinery/Components,http://www.nasdaq.com/symbol/oc,1,0,0,1,0,0,1,0,"Toledo, OH",F,F,F,F,F,F,F,F,F,,100,100,498
NYSE,OI,"Owens-Illinois, Inc.",25.56,$4.16B,n/a,Consumer Durables,Containers/Packaging,http://www.nasdaq.com/symbol/oi,1,0,0,1,0,0,1,0,"Perrysburg, OH",P,P,N,N,N,N,N,N,N,,20,10,399
NasDaq,PCAR,PACCAR Inc.,72.69,$25.54B,n/a,Capital Goods,Auto Manufacturing,http://www.nasdaq.com/symbol/pcar,1,0,0,0,1,1,1,0,"Bellevue, WA",P,P,N,N,N,N,N,N,N,,20,20,158
NYSE,PKG,Packaging Corporation of America,115.69,$10.92B,2000,Consumer Durables,Containers/Packaging,http://www.nasdaq.com/symbol/pkg,1,0,0,0,0,0,1,0,"Lake Forest, IL",N,N,N,N,N,N,N,N,N,,0,,451
NYSE,P,"Pandora Media, Inc.",7.97,$1.93B,2011,Consumer Services,Broadcasting,http://www.nasdaq.com/symbol/p,1,0,0,0,0,0,1,0,"Oakland, CA",F,F,F,F,F,F,F,F,F,,100,,
NasDaq,PDCO,"Patterson Companies, Inc.",37.41,$3.58B,1992,Health Care,Medical Specialities,http://www.nasdaq.com/symbol/pdco,1,0,0,0,0,0,1,0,"St. Paul, MN",F,F,F,F,F,N,N,P,N,,60,40,617
NasDaq,PYPL,"PayPal Holdings, Inc.",68.66,$82.56B,n/a,Miscellaneous,Business Services,http://www.nasdaq.com/symbol/pypl,1,0,0,0,0,0,1,0,"San Jose, CA",F,F,F,F,F,F,F,F,F,,100,100,
NYSE,PBF,PBF Energy Inc.,27.32,$3B,2012,Energy,Integrated oil Companies,http://www.nasdaq.com/symbol/pbf,1,0,0,0,0,0,1,0,"Parsippany, NJ",N,N,N,N,N,N,N,N,N,,0,0,149
NYSE,BTU,Peabody Energy Corporation,28.39,$2.85B,2017,Energy,Coal Mining,http://www.nasdaq.com/symbol/btu,1,0,0,0,0,0,1,0,"St. Louis, MO",P,N,N,N,N,N,N,N,N,,10,10,398
NYSE,PAG,"Penske Automotive Group, Inc.",45.24,$3.89B,n/a,Consumer Durables,Automotive Aftermarket,http://www.nasdaq.com/symbol/pag,1,0,0,0,0,0,1,0,"Bloomfield Hills, MI",N,N,N,N,N,N,N,N,N,,0,0,177
NYSE,PEP,"Pepsico, Inc.",112.62,$160.16B,n/a,Consumer Non-Durables,Beverages (Production/Distribution),http://www.nasdaq.com/symbol/pep,1,0,0,1,1,1,1,1,"Purchase, NY",F,F,F,F,F,F,F,F,F,,100,100,44
NYSE,PFE,"Pfizer, Inc.",36.34,$216.13B,n/a,Health Care,Major Pharmaceuticals,http://www.nasdaq.com/symbol/pfe,1,0,0,1,0,1,1,0,"New York, NY",F,F,F,F,F,F,F,F,F,,100,100,56
NYSE,PCG,Pacific Gas & Electric Co.,57.72,$29.6B,n/a,Public Utilities,Power Generation,http://www.nasdaq.com/symbol/pcg,1,0,0,0,0,1,1,0,"San Francisco, CA",F,F,F,F,F,F,F,F,F,,100,100,182
NYSE,PM,Philip Morris International Inc,113.99,$177.05B,n/a,Consumer Non-Durables,Farming/Seeds/Milling,http://www.nasdaq.com/symbol/pm,1,0,0,1,0,1,1,0,"New York, NY",P,N,N,N,N,N,N,N,N,,10,10,102
NYSE,PSX,Phillips 66,94.43,$48.3B,n/a,Energy,Integrated oil Companies,http://www.nasdaq.com/symbol/psx,1,0,0,0,0,1,1,0,"Houston, TX",F,F,F,F,F,N,N,F,P,,75,20,7
NYSE,PNW,Pinnacle West Capital Corporation,87.38,$9.75B,n/a,Public Utilities,Electric Utilities: Central,http://www.nasdaq.com/symbol/pnw,1,0,0,0,0,0,1,0,"Phoenix, AZ",F,F,F,F,F,F,N,F,F,,90,50,683
NYSE,PXD,Pioneer Natural Resources Company,143.92,$24.48B,n/a,Energy,Oil & Gas Production,http://www.nasdaq.com/symbol/pxd,1,0,0,0,0,0,1,0,"Irving, TX",N,N,N,N,N,N,N,N,N,,0,,496
NYSE,PNM,"PNM Resources, Inc. (Holding Co.)",41.35,$3.29B,n/a,Public Utilities,Electric Utilities: Central,http://www.nasdaq.com/symbol/pnm,1,0,0,0,0,0,1,0,"Albuquerque, NM",F,F,F,F,F,N,N,P,P,,65,65,
NYSE,POR,Portland General Electric Company,46.25,$4.12B,n/a,Public Utilities,Electric Utilities: Central,http://www.nasdaq.com/symbol/por,1,0,0,0,0,0,1,0,"Portland, OR",F,F,F,F,F,F,F,F,F,,100,100,
NYSE,PPG,"PPG Industries, Inc.",113.5,$29.11B,n/a,Basic Industries,Paints/Coatings,http://www.nasdaq.com/symbol/ppg,1,0,0,1,1,1,1,0,"Pittsburgh, PA",F,F,F,F,F,N,N,F,P,,75,75,198
NYSE,PPL,PPL Corporation,37.56,$25.76B,n/a,Public Utilities,Electric Utilities: Central,http://www.nasdaq.com/symbol/ppl,1,0,0,0,0,1,1,0,"Allentown, PA",F,F,F,F,F,F,F,F,F,,100,95,257
NYSE,PX,"Praxair, Inc.",142.21,$40.68B,n/a,Basic Industries,Major Chemicals,http://www.nasdaq.com/symbol/px,1,0,0,0,1,1,1,0,"Danbury, CT",F,F,F,F,F,F,F,F,F,,100,95,249
NYSE,PFG,Principal Financial Group Inc,67.21,$19.42B,2001,Finance,Accident &Health Insurance,http://www.nasdaq.com/symbol/pfg,1,0,0,0,0,0,1,0,"Des Moines, IA",F,F,F,F,F,F,F,F,F,,100,100,282
NYSE,PG,Procter & Gamble Company (The),93.04,$237.25B,n/a,Basic Industries,Package Goods/Cosmetics,http://www.nasdaq.com/symbol/pg,1,0,0,0,0,1,1,0,"Cincinnati, OH",F,F,F,F,F,F,F,F,F,,100,100,32
NYSE,PGR,Progressive Corporation (The),48.67,$28.32B,n/a,Finance,Property-Casualty Insurers,http://www.nasdaq.com/symbol/pgr,1,0,0,0,0,0,1,0,"Mayfield Village, OH",F,F,N,F,F,F,F,F,P,,90,90,153
NYSE,PEG,Public Service Enterprise Group Incorporated,48.64,$24.61B,n/a,Public Utilities,Power Generation,http://www.nasdaq.com/symbol/peg,1,0,0,0,0,1,1,0,"Newark, NJ",F,F,F,F,F,N,F,F,F,,90,80,274
NYSE,PHM,"PulteGroup, Inc.",27.07,$8.17B,n/a,Capital Goods,Homebuilding,http://www.nasdaq.com/symbol/phm,1,0,0,0,0,0,1,0,"Atlanta, GA",P,N,N,N,N,N,N,N,N,,10,10,453
NYSE,PVH,PVH Corp.,124.94,$9.67B,n/a,Consumer Non-Durables,Apparel,http://www.nasdaq.com/symbol/pvh,1,0,0,0,0,0,1,0,"New York, NY",F,F,F,F,F,F,N,F,P,,85,85,351
NasDaq,QCOM,QUALCOMM Incorporated,52.82,$77.97B,1991,Technology,Radio And Television Broadcasting And Communications Equipment,http://www.nasdaq.com/symbol/qcom,1,0,0,1,0,1,1,0,"San Diego, CA",F,F,F,F,F,F,F,F,F,,100,100,113
NYSE,PWR,"Quanta Services, Inc.",37.29,$5.64B,n/a,Capital Goods,Engineering & Construction,http://www.nasdaq.com/symbol/pwr,1,0,0,0,0,0,1,0,"Houston, TX",P,N,N,N,N,N,N,N,N,,10,10,361
NYSE,DGX,Quest Diagnostics Incorporated,91.06,$12.42B,n/a,Health Care,Medical Specialities,http://www.nasdaq.com/symbol/dgx,1,0,0,0,0,0,1,0,"Madison, NJ",F,F,F,F,F,F,F,F,F,,100,90,375
NYSE,RRD,R.R. Donnelley & Sons Company,10.23,$716.1M,n/a,Miscellaneous,Publishing,http://www.nasdaq.com/symbol/rrd,1,0,0,0,0,0,1,0,"Chicago, IL",F,F,F,F,F,N,F,F,F,,90,90,258
NYSE,RL,Ralph Lauren Corporation,85.04,$6.91B,1997,Consumer Non-Durables,Apparel,http://www.nasdaq.com/symbol/rl,1,0,0,0,0,0,1,0,"New York, NY",F,F,F,F,F,N,F,F,F,,90,90,374
NYSE,RJF,"Raymond James Financial, Inc.",85.33,$12.3B,n/a,Finance,Investment Bankers/Brokers/Service,http://www.nasdaq.com/symbol/rjf,1,0,0,0,0,0,1,0,"St. Petersburg, FL",F,F,F,F,F,N,F,F,P,,85,85,521
NYSE,RTN,Raytheon Company,187.89,$54.53B,n/a,Capital Goods,Industrial Machinery/Components,http://www.nasdaq.com/symbol/rtn,1,0,0,1,0,1,1,0,"Waltham, MA",F,F,F,F,F,F,F,F,F,,100,100,129
NasDaq,ROLL,RBC Bearings Incorporated,126.5,$3.07B,2005,Capital Goods,Metal Fabrications,http://www.nasdaq.com/symbol/roll,1,0,0,0,0,0,1,0,"Minneapolis, MN",F,F,F,F,F,F,F,F,F,,100,100,
NYSE,RLGY,Realogy Holdings Corp.,32.15,$4.38B,2012,Finance,Real Estate,http://www.nasdaq.com/symbol/rlgy,1,0,0,0,0,0,1,0,"Madison, NJ",F,F,F,F,F,N,F,F,P,,85,75,488
NYSE,RGC,Regal Entertainment Group,16.18,$2.54B,2002,Consumer Services,Movies/Entertainment,http://www.nasdaq.com/symbol/rgc,1,0,0,0,0,0,1,0,"Knoxville, TN",F,F,F,F,F,N,F,F,P,,85,85,757
NYSE,RGA,"Reinsurance Group of America, Incorporated",142.85,$9.21B,n/a,Finance,Life Insurance,http://www.nasdaq.com/symbol/rga,1,0,0,0,0,0,1,0,"Chesterfield, MO",P,P,N,N,N,N,N,N,N,,20,20,273
NYSE,RS,Reliance Steel & Aluminum Co.,76.53,$5.58B,1994,Basic Industries,Metal Fabrications,http://www.nasdaq.com/symbol/rs,1,0,0,0,0,0,1,0,"Los Angeles, CA",P,N,N,N,N,N,N,N,N,,10,10,283
NYSE,RSG,"Republic Services, Inc.",63.33,$21.33B,1998,Public Utilities,Environmental Services,http://www.nasdaq.com/symbol/rsg,1,0,0,0,0,0,1,0,"Phoenix, AZ",F,F,F,F,F,N,F,F,P,,85,80,323
NYSE,RAD,Rite Aid Corporation,1.74,$1.85B,n/a,Health Care,Medical/Nursing Services,http://www.nasdaq.com/symbol/rad,1,0,0,0,0,0,1,0,"Camp Hill, PA",F,F,F,F,F,N,N,F,N,,65,65,117
NYSE,RHI,Robert Half International Inc.,49.01,$6.18B,n/a,Technology,Professional Services,http://www.nasdaq.com/symbol/rhi,1,0,0,0,0,0,1,0,"Menlo Park, CA",F,F,F,F,F,F,F,F,F,,100,85,552
NYSE,ROK,"Rockwell Automation, Inc.",185.88,$23.86B,n/a,Capital Goods,Industrial Machinery/Components,http://www.nasdaq.com/symbol/rok,1,0,0,1,0,0,1,0,"Milwaukee, WI",F,F,F,F,F,F,F,F,F,,100,100,409
NYSE,COL,"Rockwell Collins, Inc.",134.71,$21.93B,n/a,Capital Goods,Military/Government/Technical,http://www.nasdaq.com/symbol/col,1,0,0,0,0,0,1,0,"Cedar Rapids, IA",F,F,F,F,F,F,F,F,F,,100,100,507
NasDaq,ROST,"Ross Stores, Inc.",63.12,$24.34B,1985,Consumer Services,Clothing/Shoe/Accessory Stores,http://www.nasdaq.com/symbol/rost,1,0,0,0,0,0,1,0,"Dublin , CA",F,F,F,F,F,F,F,N,F,,90,80,269
NYSE,RCL,Royal Caribbean Cruises Ltd.,127.77,$27.48B,1993,Consumer Services,Marine Transportation,http://www.nasdaq.com/symbol/rcl,1,0,0,0,0,0,1,0,"Miami, FL",F,F,F,F,F,F,F,F,F,,100,100,
NYSE,R,"Ryder System, Inc.",81.03,$4.29B,n/a,Consumer Services,Rental/Leasing Companies,http://www.nasdaq.com/symbol/r,1,0,0,0,0,0,1,0,"Miami, FL",F,F,F,F,F,N,F,F,P,,85,85,407
NYSE,SPGI,S&P Global Inc.,161.82,$41.59B,n/a,Finance,Finance: Consumer Services,http://www.nasdaq.com/symbol/spgi,1,0,0,0,0,0,1,0,"New York, NY",F,F,F,F,F,F,F,F,F,,100,100,500
NYSE,CRM,Salesforce.com Inc,96.94,$69.67B,2004,Technology,Computer Software: Prepackaged Software,http://www.nasdaq.com/symbol/crm,1,0,0,0,0,1,1,0,"San Francisco, CA",F,F,F,F,F,F,F,F,F,,100,95,483
NasDaq,SAFM,"Sanderson Farms, Inc.",146.6,$3.33B,1987,Consumer Non-Durables,Meat/Poultry/Fish,http://www.nasdaq.com/symbol/safm,1,0,0,0,0,0,1,0,"Laurel, MS",F,F,F,F,F,N,N,N,N,,55,,803
NasDaq,SANM,Sanmina Corporation,38.5,$2.9B,1993,Technology,Electrical Products,http://www.nasdaq.com/symbol/sanm,1,0,0,0,0,0,1,0,"San Jose, CA",N,N,N,N,N,N,N,N,N,,0,0,432
NasDaq,SCHL,Scholastic Corporation,37.64,$1.32B,1992,Consumer Services,Books,http://www.nasdaq.com/symbol/schl,1,0,0,0,0,0,1,0,"New York, NY",F,F,F,F,F,N,N,F,P,,75,65,
AMEX,SEB,Seaboard Corporation,4620,$5.41B,1996,Finance,Investment Bankers/Brokers/Service,http://www.nasdaq.com/symbol/seb,1,0,0,0,0,0,1,0,"Shawnee Mission, KS",P,P,N,N,N,N,N,N,N,,20,20,417
NasDaq,STX,Seagate Technology PLC,34.4,$9.9B,2002,Technology,Electronic Components,http://www.nasdaq.com/symbol/stx,1,0,0,1,0,0,1,0,"Scotts Valley, CA",P,P,N,F,P,N,N,F,N,,45,45,
NYSE,SEE,Sealed Air Corporation,44.55,$8.47B,n/a,Basic Industries,Major Chemicals,http://www.nasdaq.com/symbol/see,1,0,0,0,0,0,1,0,"Elmwood Park, NJ",P,P,N,N,N,N,N,N,N,,20,20,366
NasDaq,SHLD,Sears Holdings Corporation,6.77,$727.41M,n/a,Consumer Services,Department/Specialty Retail Stores,http://www.nasdaq.com/symbol/shld,1,0,0,0,0,0,1,0,"Hoffman Estates, IL",F,F,F,F,F,F,F,F,F,,100,100,99
NYSE,SRE,Sempra Energy,114.87,$28.84B,n/a,Public Utilities,Natural Gas Distribution,http://www.nasdaq.com/symbol/sre,1,0,0,1,0,0,1,0,"San Diego, CA",F,F,F,F,F,F,F,F,F,,100,100,270