Ticker,Fund Name,Fund Link,Fund Type,Inception Month,AUM (US$ millions),YTD %,Avg % 1 yr,Avg % 3 yr,Avg % 5 yr,Avg % 10 yr,RTN% Prev Yr,Mgmt Fee %,Exp Ratio %,Std Dev,Benchmark Used,Climate/Clean Technology,Pollution/Toxics,Environment,Community Development,Diversity & EEO,Human Rights,Labor Relations,Sudan,Board Issues,Executive Pay,Alcohol,Animal Welfare,Defense/Weapons,Gambling,Tobacco,Other / Qualitative,Shareholder Engagement
SSIAX,1919 Socially Responsive Balanced Fund - A,1919 Socially Responsive Balanced Fund - A,Balanced,11/1/1992 0:00,121.37,9.05,10.26,4.52,7.84,5.29,5.76,0.64,1.27,4.39,Blend: 60% S&P 500 - 40% BC Aggregate,C,R,C,C,C,C,C,R,C,C,--,--,R,--,R,,Yes
SESIX,1919 Socially Responsive Balanced Fund - B,1919 Socially Responsive Balanced Fund - B,Balanced,2/1/1987 0:00,121.37,8.35,9.02,3.59,6.77,4.31,4.55,0.64,2.39,4.5,Blend: 60% S&P 500 - 40% BC Aggregate,C,R,C,C,C,C,C,R,C,C,--,--,R,--,R,,Yes
SESLX,1919 Socially Responsive Balanced Fund - C,1919 Socially Responsive Balanced Fund - C,Balanced,5/1/1993 0:00,121.37,8.48,9.5,3.76,7.07,4.61,5.02,0.64,1.98,4.39,Blend: 60% S&P 500 - 40% BC Aggregate,C,R,C,C,C,C,C,R,C,C,--,--,R,--,R,,Yes
LMRNX,1919 Socially Responsive Balanced Fund - I,1919 Socially Responsive Balanced Fund - I,Balanced,7/1/2008 0:00,121.37,9.28,10.62,4.8,8.13,0,6.02,0.64,1,4.39,Blend: 60% S&P 500 - 40% BC Aggregate,C,R,C,C,C,C,C,R,C,C,--,--,R,--,R,,Yes
ACASX,Access Capital Community Investment Fund A,Access Capital Community Investment Fund A,Bond (Fixed Inc),1/1/2009 0:00,660.42,1.86,0.56,1.94,1.59,0,1.49,0.5,1.01,1.93,Barclays Capital US Securitized Bond,-- *,X,--,P,--,--,--,X,--,--,X,X,X,X,X,Yes,
ACCSX,Access Capital Community Investment Fund I,Access Capital Community Investment Fund I,Bond (Fixed Inc),7/1/1998 0:00,660.42,2.22,0.91,2.02,1.58,3.5,1.54,0.5,0.65,1.93,Barclays Capital US Securitized Bond,-- *,--,--,P,--,--,--,X,--,--,X,X,X,X,X,Yes,
APPLX,Appleseed Fund,Appleseed Fund,Int'l Global,12/1/2006 0:00,178.31,9.97,5.62,1.17,5.8,6.18,9.94,0.85,1.2,6.24,MSCI World,C *,C,C,P,--,P,P,X,C,C,X,--,R,X,X,,Yes
APPIX,Appleseed Fund Institutional,Appleseed Fund Institutional,Int'l Global,2/1/2011 0:00,178.31,10.09,5.86,1.41,6.01,0,10.16,0.85,0.95,6.23,MSCI World,C *,C,C,P,--,P,P,X,C,C,X,--,R,X,X,,Yes
CAAPX,Ariel Appreciation Fund,Ariel Appreciation Fund,Equity Mid-Sm Cap,12/1/1989 0:00,1679.04,4.63,8.28,4.38,13.46,7.82,12.66,0.69,1.12,10.71,Russell Mid Cap Value,--,--,P,P,P,--,--,X,P,--,--,--,X,--,X,,
ARDFX,Ariel Discovery Fund,Ariel Discovery Fund,Equity Specialty,1/1/2011 0:00,38.59,-0.99,9.44,-3.99,2.64,0,22.95,0.8,1.25,17.48,Russell 2000 Value,--,--,--,P,P,--,--,X,P,--,--,--,X,--,X,,
ARFFX,Ariel Focus Fund,Ariel Focus Fund,All Cap,6/1/2005 0:00,53.62,5.47,12.92,2.43,11.41,4.8,21.11,0.65,1,10.89,Russell 1000 Value,--,--,P,P,P,--,--,X,P,--,--,--,X,--,X,,
ARGFX,Ariel Fund,Ariel Fund,Equity Mid-Sm Cap,11/1/1986 0:00,2087.05,3.58,11.32,5.91,15.15,6.78,15.56,0.59,1,12.16,Russell 2500 Value,--,--,P,P,P,--,--,X,P,--,--,--,X,--,X,,
REDWX,Aspiration Redwood Fund,Aspiration Redwood Fund,Equity Large Cap,11/1/2015 0:00,32.78,16.1,24.05,0,0,0,17.1,2,0,8.49,S&P 500 Composite Total Return,P,P,P,P,P,P,P,X,P,P,X,X,X,X,X,Yes,
ADJEX,Azzad Ethical Fund,Azzad Ethical Fund,Equity Mid-Sm Cap,11/1/2000 0:00,69.47,14.01,12.75,2.99,9.92,7.07,2.48,0.8,0.99,7.58,Russell Mid Cap Growth,R,R,R,--,--,R,R,X,--,--,X,R,X,X,X,Yes,Yes
WISEX,Azzad Wise Capital Fund,Azzad Wise Capital Fund,Bond (Fixed Inc),4/1/2010 0:00,105.09,1.69,0.9,1.05,1.86,0,1.4,1.19,1.36,1.01,Bank of America Merrill Lynch US Corp & Gov't 1-3 Year Treasury Index,R,--,R,P,--,R,R,X,--,--,X,R,X,X,X,,Yes
BCAIX,Boston Common International Fund,Boston Common International Fund,Int'l Global,12/1/2010 0:00,211,20.23,16.9,2.68,7.11,0,-0.96,0.9,1.12,9.23,MSCI EAFE Equity,C,C,C,P,C,C,C,R,C,--,R,R,R,R,R,Yes,Yes
BCAMX,Boston Common Large Cap Core Equity Fund,Boston Common Large Cap Core Equity Fund,Equity Large Cap,4/1/2012 0:00,32.92,12.67,13.41,7.56,12.33,0,7.88,0.75,1,5.59,S&P 500 Composite Total Return,C,C,C,P,C,C,C,R,P,--,R,R,R,R,R,Yes,Yes
BAFWX,Brown Advisory Sustainable Growth Fund,Brown Advisory Sustainable Growth Fund,Equity Large Cap,6/1/2012 0:00,454.22,18.25,16.61,13.31,15.89,0,5.75,0.6,0.74,5.96,Russell 1000® Growth Index,P,P,P,P,P,P,P,--,P,P,--,--,--,--,--,,Yes
CAAAX,Calvert Aggressive Allocation Fund A,Calvert Aggressive Allocation Fund A,Equity Specialty,6/1/2005 0:00,135.17,12.51,15.84,6.81,11.21,4.92,7.55,0,1.26,4.23,Russell 3000,C,C,C,C,C,C,C,--,C,C,R,R,R,R,R,,Yes
CAACX,Calvert Aggressive Allocation Fund C,Calvert Aggressive Allocation Fund C,Equity Specialty,6/1/2005 0:00,135.17,11.99,15.02,5.84,10.08,3.69,6.69,0,2.01,4.25,Russell 3000,C,C,C,C,C,C,C,--,C,C,R,R,R,R,R,,Yes
CSIFX,Calvert Balanced Portfolio A,Calvert Balanced Portfolio A,Balanced,10/1/1982 0:00,686.48,6.57,7.88,4.55,7.65,4.94,7.74,0.52,0.97,3.79,Russell 1000,C,C,C,P,C,C,C,X,C,C,C,--,C,R,R,Yes,Yes
CSGCX,Calvert Balanced Portfolio C,Calvert Balanced Portfolio C,Balanced,3/1/1994 0:00,686.48,6.03,7.01,3.71,6.79,4.07,6.87,0.52,1.76,3.78,Russell 1000,C,C,C,P,C,C,C,X,C,C,C,--,C,R,R,Yes,Yes
CBAIX,Calvert Balanced Portfolio I,Calvert Balanced Portfolio I,Balanced,2/1/1999 0:00,686.48,6.86,8.3,4.97,8.12,5.45,8.16,0.52,0.62,3.75,Russell 1000,C,C,C,P,C,C,C,X,C,C,C,--,C,R,R,Yes,Yes
CBAYX,Calvert Balanced Portfolio Y,Calvert Balanced Portfolio Y,Balanced,4/1/2013 0:00,686.48,6.78,8.16,4.78,0,0,8,0.52,0.73,3.78,Russell 1000,C,C,C,C,C,C,C,--,C,C,R,R,R,R,R,,Yes
CSIBX,Calvert Bond Portfolio A,Calvert Bond Portfolio A,Bond (Fixed Inc),8/1/1987 0:00,937.61,4.14,1.67,2.71,2.47,3.9,3.63,0.47,0.89,2.62,Barclays Capital US Aggregate Bond,C,C,C,P,C,C,C,X,C,C,C,--,C,R,R,Yes,Yes
CSBCX,Calvert Bond Portfolio C,Calvert Bond Portfolio C,Bond (Fixed Inc),6/1/1998 0:00,937.61,3.5,0.78,1.83,1.61,3.06,2.73,0.47,1.73,2.59,Barclays Capital US Aggregate Bond,C,C,C,P,C,C,C,X,C,C,C,--,C,R,R,Yes,Yes
CBDIX,Calvert Bond Portfolio I,Calvert Bond Portfolio I,Bond (Fixed Inc),3/1/2000 0:00,937.61,4.35,2.06,3.17,2.98,4.48,4.06,0.47,0.51,2.62,Barclays Capital US Aggregate Bond,C,C,C,P,C,C,C,X,C,C,C,--,C,R,R,Yes,Yes
CSIYX,Calvert Bond Portfolio Y,Calvert Bond Portfolio Y,Bond (Fixed Inc),8/1/1987 0:00,937.61,4.26,1.95,3,2.75,0,3.94,0.47,0.62,2.64,Barclays Capital US Aggregate Bond,C,C,C,P,C,C,C,X,C,C,C,R,C,R,R,Yes,Yes
CCAFX,Calvert Capital Accumulation Fund A,Calvert Capital Accumulation Fund A,Equity Mid-Sm Cap,10/1/1994 0:00,255.46,4.69,9.05,2.75,8.82,6.79,6.39,0.77,1.21,6.85,Russell Mid Cap Growth,C,C,C,C,C,C,C,--,C,C,R,R,R,R,R,,Yes
CCACX,Calvert Capital Accumulation Fund C,Calvert Capital Accumulation Fund C,Equity Mid-Sm Cap,10/1/1994 0:00,255.46,4.22,8.3,1.98,7.99,5.96,5.59,0.77,1.96,6.8,Russell Mid Cap Growth,C,C,C,C,C,C,C,--,C,C,R,R,R,R,R,,Yes
CCPIX,Calvert Capital Accumulation Fund I,Calvert Capital Accumulation Fund I,Equity Mid-Sm Cap,6/1/2003 0:00,255.46,4.98,9.44,3.25,9.4,7.52,6.83,0.77,0.85,6.84,Russell Mid Cap Growth,C,C,C,C,C,C,C,--,C,C,R,R,R,R,R,,Yes
CCAYX,Calvert Capital Accumulation Fund Y,Calvert Capital Accumulation Fund Y,Equity Mid-Sm Cap,1/1/2011 0:00,255.46,4.88,9.33,3,9.06,0,6.7,0.77,0.96,6.85,Russell Mid Cap Growth,C,C,C,C,C,C,C,--,C,C,R,R,R,R,R,,Yes
CCLAX,Calvert Conservative Allocation Fund A,Calvert Conservative Allocation Fund A,Equity Specialty,4/1/2005 0:00,184.14,6.7,7.43,4.32,5.96,5,5.05,0,0.44,1.85,Barclays Capital US Credit,C,C,C,C,C,C,C,--,C,C,R,R,R,R,R,,Yes
CALCX,Calvert Conservative Allocation Fund C,Calvert Conservative Allocation Fund C,Equity Specialty,4/1/2005 0:00,184.14,6.18,6.69,3.42,4.99,3.86,4.24,0,1.8,1.82,Barclays Capital US Credit,C,C,C,C,C,C,C,--,C,C,R,R,R,R,R,,Yes
CVMAX,Calvert Emerging Markets Equity Fund A,Calvert Emerging Markets Equity Fund A,Int'l Global,10/1/2012 0:00,271.45,34.69,30.15,6.59,0,0,6.55,1,1.27,10.1,MSCI EM NR USD,C,C,C,C,C,C,C,--,C,C,R,R,R,R,R,,
CVMCX,Calvert Emerging Markets Equity Fund C,Calvert Emerging Markets Equity Fund C,Int'l Global,10/1/2012 0:00,271.45,34.03,29.13,5.72,0,0,5.72,1,2.02,10.13,MSCI EM NR USD,C,C,C,C,C,C,C,--,C,C,R,R,R,R,R,,
CVMIX,Calvert Emerging Markets Equity Fund I,Calvert Emerging Markets Equity Fund I,Int'l Global,10/1/2012 0:00,271.45,35.03,30.61,6.97,0,0,6.83,1,0.92,10.14,MSCI EM NR USD,C,C,C,C,C,C,C,--,C,C,R,R,R,R,R,,
CVMYX,Calvert Emerging Markets Equity Fund Y,Calvert Emerging Markets Equity Fund Y,Int'l Global,10/1/2012 0:00,271.45,34.88,30.45,6.84,0,0,6.82,1,1.02,10.08,MSCI EM NR USD,C,C,C,C,C,C,C,--,C,C,R,R,R,R,R,,
CSIEX,Calvert Equity Portfolio A,Calvert Equity Portfolio A,Equity Large Cap,8/1/1987 0:00,2122.29,15.55,13.83,8.84,12.76,7.76,2.32,0.62,1.07,5.94,S&P 500 Composite Total Return,C,C,C,C,C,C,C,--,C,C,R,R,R,R,R,,Yes
CSECX,Calvert Equity Portfolio C,Calvert Equity Portfolio C,Equity Large Cap,3/1/1994 0:00,2122.29,14.99,12.97,8.03,11.93,6.95,1.49,0.62,1.81,5.92,S&P 500 Composite Total Return,C,C,C,C,C,C,C,--,C,C,R,R,R,R,R,,Yes
CEYIX,Calvert Equity Portfolio I,Calvert Equity Portfolio I,Equity Large Cap,11/1/1999 0:00,2122.29,15.86,14.28,9.32,13.29,8.31,2.71,0,0.66,5.94,S&P 500 Composite Total Return,C,C,C,C,C,C,C,--,C,C,R,R,R,R,R,,Yes
CIEYX,Calvert Equity Portfolio Y,Calvert Equity Portfolio Y,Equity Large Cap,8/1/1987 0:00,2122.29,15.79,14.17,9.17,13.13,0,2.62,0.62,0.77,5.94,S&P 500 Composite Total Return,C,C,C,C,C,C,C,--,C,C,R,R,R,R,R,,Yes
CGAEX,Calvert Global Energy Solutions Fund A,Calvert Global Energy Solutions Fund A,Int'l Global,5/1/2007 0:00,84.47,18.54,15.09,-2.9,7.22,-7.16,-7.73,0.87,1.85,8.44,Ardour Gbl Alternative Energy,C,C,C,C,C,C,C,--,C,C,R,R,R,R,R,,Yes
CGACX,Calvert Global Energy Solutions Fund C,Calvert Global Energy Solutions Fund C,Int'l Global,7/1/2007 0:00,84.47,17.87,14.19,-3.71,6.26,-8.04,-8.4,0.87,2.85,8.21,Ardour Gbl Alternative Energy,C,C,C,C,C,C,C,--,C,C,R,R,R,R,R,,Yes
CAEIX,Calvert Global Energy Solutions Fund I,Calvert Global Energy Solutions Fund I,Int'l Global,5/1/2007 0:00,84.47,18.79,15.49,-2.45,7.73,-6.73,-7.24,0.87,1.4,8.31,Ardour Gbl Alternative Energy,C,C,C,C,C,C,C,--,C,C,R,R,R,R,R,,Yes
CGAYX,Calvert Global Energy Solutions Fund Y,Calvert Global Energy Solutions Fund Y,Int'l Global,7/1/2011 0:00,84.47,18.85,15.43,-2.62,7.49,0,-7.53,0.87,1.6,8.33,Ardour Gbl Alternative Energy,C,C,C,C,C,C,C,--,C,--,R,R,R,R,R,,Yes
CFWAX,Calvert Global Water Fund A,Calvert Global Water Fund A,Int'l Global,9/1/2008 0:00,443.54,10.03,10.16,0.19,8.4,0,13.99,0.84,1.28,6.16,S-Network Global Water TR USD,C,C,C,C,C,C,C,--,C,C,R,R,R,R,R,,Yes
CFWCX,Calvert Global Water Fund C,Calvert Global Water Fund C,Int'l Global,9/1/2008 0:00,443.54,9.51,9.37,-0.53,7.57,0,13.15,0.84,2.03,6.19,S-Network Global Water TR USD,C,C,C,C,C,C,C,--,C,C,R,R,R,R,R,,Yes
CFWIX,Calvert Global Water Fund I,Calvert Global Water Fund I,Int'l Global,1/1/2014 0:00,443.54,10.33,10.58,0.63,0,0,14.43,0.99,1.29,6.2,S-Network Global Water TR USD,C,C,C,C,C,C,C,--,C,C,R,R,R,R,R,,Yes
CFWYX,Calvert Global Water Fund Y,Calvert Global Water Fund Y,Int'l Global,9/1/2008 0:00,443.54,10.24,10.42,0.49,8.73,0,14.29,0.84,1.03,6.22,S-Network Global Water TR USD,C,C,C,C,C,C,C,--,C,C,R,R,R,R,R,,Yes
CGAFX,Calvert Green Bond Fund A,Calvert Green Bond Fund A,Bond (Fixed Inc),10/1/2013 0:00,94.93,3.4,1.32,2.54,0,0,3.66,0.42,0.88,2.17,Barclays Capital US Aggregate Bond,C,C,C,C,C,C,C,--,C,C,R,R,R,R,R,,
CGBIX,Calvert Green Bond Fund I,Calvert Green Bond Fund I,Bond (Fixed Inc),10/1/2013 0:00,94.93,3.65,1.7,2.99,0,0,4.05,0.42,0.5,2.16,Barclays Capital US Aggregate Bond,C,C,C,C,C,C,C,--,C,C,R,R,R,R,R,,
CGYFX,Calvert Green Bond Fund Y,Calvert Green Bond Fund Y,Bond (Fixed Inc),10/1/2013 0:00,94.93,3.56,1.57,2.81,0,0,3.91,0.42,0.63,2.2,Barclays Capital US Aggregate Bond,C,C,C,C,C,C,C,--,C,C,R,R,R,R,R,,
CYBAX,Calvert High Yield Bond Fund A,Calvert High Yield Bond Fund A,Bond (Fixed Inc),7/1/2001 0:00,184.48,4.5,6,2.61,4.99,0,11.69,0.6,1.07,1.55,BofAML US HY Master II,C,C,C,C,C,C,C,C,C,C,R,R,R,R,R,,
CHBCX,Calvert High Yield Bond Fund C,Calvert High Yield Bond Fund C,Bond (Fixed Inc),10/1/2011 0:00,184.48,3.96,5.2,1.73,4.02,0,10.87,0.6,2.07,1.55,BofAML US HY Master II,C,C,C,C,C,--,C,--,C,C,R,R,R,R,R,,
CYBIX,Calvert High Yield Bond Fund I,Calvert High Yield Bond Fund I,Bond (Fixed Inc),9/1/2009 0:00,184.48,4.69,6.33,2.95,5.33,0,12.1,0.6,0.74,1.6,BofAML US HY Master II,C,C,C,C,C,C,C,--,C,C,R,R,R,R,R,,
CYBYX,Calvert High Yield Bond Fund Y,Calvert High Yield Bond Fund Y,Bond (Fixed Inc),7/1/2011 0:00,184.48,4.65,6.23,2.87,5.24,0,11.97,0.6,0.82,1.61,BofAML US HY Master II,C,C,C,C,C,C,C,--,C,C,R,--,R,R,R,,
CFICX,Calvert Income Fund A,Calvert Income Fund A,Bond (Fixed Inc),10/1/1982 0:00,521.79,5.58,2.39,2.96,3.18,3.68,5.6,0.52,1.24,3.58,Barclays Capital US Credit,C,C,C,C,C,C,C,C,C,C,R,R,R,R,R,,
CIFCX,Calvert Income Fund C,Calvert Income Fund C,Bond (Fixed Inc),7/1/2000 0:00,521.79,5.01,1.57,2.2,2.43,2.94,4.79,0.52,1.93,3.58,Barclays Capital US Credit,C,C,C,C,C,C,C,--,C,C,R,R,R,R,R,,
CINCX,Calvert Income Fund I,Calvert Income Fund I,Bond (Fixed Inc),2/1/1999 0:00,521.79,5.91,2.78,3.48,3.73,4.23,5.94,0.52,0.64,3.56,Barclays Capital US Credit,C,C,C,C,C,C,C,--,C,C,R,R,R,R,R,,
CICRX,Calvert Income Fund R,Calvert Income Fund R,Bond (Fixed Inc),10/1/2006 0:00,521.79,5.24,1.93,2.58,2.87,3.35,5.08,0.52,1.47,3.58,Barclays Capital US Credit,C,C,C,C,C,C,C,--,C,C,R,R,R,R,R,,
CIFYX,Calvert Income Fund Y,Calvert Income Fund Y,Bond (Fixed Inc),10/1/1982 0:00,521.79,5.8,2.67,3.27,3.5,0,5.84,0.52,0.91,3.62,Barclays Capital US Credit,C,C,C,C,C,C,C,--,C,C,R,R,R,R,R,,
CWVGX,Calvert International Equity Fund A,Calvert International Equity Fund A,Int'l Global,7/1/1992 0:00,231.28,14.06,13.13,0.8,6.3,-1.72,-3.85,0.86,1.34,7.22,MSCI EAFE Investable Market,C,C,C,C,C,C,C,--,C,C,R,R,R,R,R,,Yes
CWVCX,Calvert International Equity Fund C,Calvert International Equity Fund C,Int'l Global,3/1/1994 0:00,231.28,13.54,12.3,0.02,5.41,-2.55,-4.66,0.86,2.09,7.2,MSCI EAFE Investable Market,C,C,C,C,C,C,C,--,C,C,R,R,R,R,R,,Yes
CWVIX,Calvert International Equity Fund I,Calvert International Equity Fund I,Int'l Global,2/1/1999 0:00,231.28,14.38,13.56,1.27,6.87,-1.08,-3.5,0.86,0.96,7.24,MSCI EAFE Investable Market,C,C,C,C,C,C,C,--,C,C,R,R,R,R,R,,Yes
CWEYX,Calvert International Equity Fund Y,Calvert International Equity Fund Y,Int'l Global,7/1/1992 0:00,231.28,14.31,13.48,1.09,6.62,0,-3.66,0.86,1.09,7.19,MSCI EAFE Investable Market,C,C,C,C,C,C,C,--,C,C,R,R,R,R,R,,Yes
COIIX,Calvert International Opportunities Fund A,Calvert International Opportunities Fund A,Int'l Global,5/1/2007 0:00,209.65,26.44,25.78,6.6,12.11,4.32,0.95,0.87,1.16,8.21,MSCI EAFE SMID NR USD,C,C,C,C,C,C,C,--,C,C,R,R,R,R,R,,Yes
COICX,Calvert International Opportunities Fund C,Calvert International Opportunities Fund C,Int'l Global,7/1/2007 0:00,209.65,25.39,24.33,5.22,10.64,2.99,-0.29,0.87,2.26,8.2,MSCI EAFE SMID NR USD,C,C,C,C,C,C,C,--,C,C,R,R,R,C,R,,Yes
CWVYX,Calvert International Opportunities Fund Y,Calvert International Opportunities Fund Y,Int'l Global,10/1/2008 0:00,209.65,26.37,25.66,6.43,11.91,0,0.88,0.87,1.15,8.25,MSCI EAFE SMID NR USD,C,C,C,C,C,C,C,--,C,C,R,R,R,R,R,,Yes
CLDAX,Calvert Long-Term Income Fund A,Calvert Long-Term Income Fund A,Bond (Fixed Inc),12/1/2004 0:00,94.42,7.98,0.63,4.07,4.23,7.78,6.79,0.52,1.25,6.56,Barclays US Long Credit,C,C,C,C,C,C,C,--,C,C,R,R,R,R,R,,
CLDIX,Calvert Long-Term Income Fund I,Calvert Long-Term Income Fund I,Bond (Fixed Inc),1/1/2015 0:00,94.42,8.37,1.12,0,0,0,7.3,0.52,0,6.58,Barclays US Long Credit,C,C,C,C,C,C,C,--,C,C,R,R,R,R,R,,
CMAAX,Calvert Moderate Allocation Fund A,Calvert Moderate Allocation Fund A,Equity Specialty,4/1/2005 0:00,264.7,9.54,11.71,5.59,8.64,4.8,6.73,0,1.18,3.13,Custom,C,C,C,C,C,C,C,--,C,C,R,R,R,R,R,,Yes
CMACX,Calvert Moderate Allocation Fund C,Calvert Moderate Allocation Fund C,Equity Specialty,4/1/2005 0:00,264.7,8.95,10.82,4.8,7.83,4.01,5.93,0,1.93,3.1,Custom,C,C,C,C,C,C,C,--,C,C,R,R,R,R,R,,Yes
CSDAX,Calvert Short Duration Income Fund A,Calvert Short Duration Income Fund A,Bond (Fixed Inc),1/1/2002 0:00,1373.05,2.17,1.68,1.58,1.7,3.07,3.25,0.46,0.88,1.04,Barclays Credit 1-5 Yr,C,C,C,C,C,C,C,--,C,C,R,R,R,R,R,,
CDICX,Calvert Short Duration Income Fund C,Calvert Short Duration Income Fund C,Bond (Fixed Inc),10/1/2002 0:00,1373.05,1.66,0.91,0.82,0.96,2.31,2.49,0.46,1.66,1.05,Barclays Credit 1-5 Yr,C,C,C,C,C,C,C,--,C,C,R,R,R,R,R,,
CDSIX,Calvert Short Duration Income Fund I,Calvert Short Duration Income Fund I,Bond (Fixed Inc),2/1/2002 0:00,1373.05,2.42,2.07,2.06,2.22,3.59,3.63,0.46,0.52,1.04,Barclays Credit 1-5 Yr,C,C,C,C,C,C,C,--,C,C,R,R,R,R,R,,
CSDYX,Calvert Short Duration Income Fund Y,Calvert Short Duration Income Fund Y,Bond (Fixed Inc),2/1/2008 0:00,1373.05,2.36,2.04,1.88,2.02,0,3.6,0.46,0.61,1.06,Barclays Credit 1-5 Yr,C,C,C,C,C,C,C,X,C,C,R,R,R,R,R,,
CCVAX,Calvert Small Cap Fund A,Calvert Small Cap Fund A,Equity Mid-sm Cap,10/1/2004 0:00,280.78,3.05,15.54,8.71,13.88,7.01,20,0.8,1.37,12.87,Russell 2000 Value,C,C,C,C,C,C,C,--,C,C,R,R,R,R,R,,Yes
CSCCX,Calvert Small Cap Fund C,Calvert Small Cap Fund C,Equity Mid-sm Cap,4/1/2005 0:00,280.78,2.51,14.63,7.9,13,6.1,19.09,0.8,2.12,12.9,Russell 2000 Value,C,C,C,C,C,C,C,--,C,C,R,R,R,R,R,,Yes
CSVIX,Calvert Small Cap Fund I,Calvert Small Cap Fund I,Equity Mid-sm Cap,4/1/2005 0:00,280.78,3.37,16.11,9.22,14.52,7.73,20.54,0.8,0.91,12.85,Russell 2000 Value,C,C,C,C,C,C,C,--,C,C,R,R,R,R,R,,Yes
CSCYX,Calvert Small Cap Fund Y,Calvert Small Cap Fund Y,Equity Mid-sm Cap,10/1/2013 0:00,280.78,3.28,15.9,9.03,0,0,20.4,0.8,1.12,12.87,Russell 2000,C,C,C,C,C,C,C,--,C,C,R,R,R,R,R,,Yes
CTTLX,Calvert Tax-Free Bond Fund A,Calvert Tax-Free Bond Fund A,Bond (Fixed Inc),8/1/1983 0:00,147.74,4.41,0.19,2.48,2.32,3.14,-0.42,0.47,0.8,5.05,Barclays Municipal,C,C,C,C,C,C,C,--,C,C,R,R,R,R,R,,
CTTCX,Calvert Tax-Free Bond Fund C,Calvert Tax-Free Bond Fund C,Bond (Fixed Inc),7/1/2015 0:00,147.74,3.91,-0.58,0,0,0,-1.25,0.35,0.8,4.97,Barclays Capital US Aggregate,C,C,C,C,C,C,C,--,C,C,R,R,R,R,R,,
CTTIX,Calvert Tax-Free Bond Fund I,Calvert Tax-Free Bond Fund I,Bond (Fixed Inc),7/1/2015 0:00,147.74,4.66,0.55,0,0,0,-0.14,0.35,0.45,4.98,Barclays Municipal,C,C,C,C,C,C,C,--,C,C,R,R,R,R,R,,
CTTYX,Calvert Tax-Free Bond Fund Y,Calvert Tax-Free Bond Fund Y,Bond (Fixed Inc),7/1/2015 0:00,147.74,4.6,0.46,0,0,0,-0.17,0.35,0.55,4.97,Barclays Municipal,C,C,C,C,C,C,C,--,C,C,R,R,R,R,R,,
CSXAX,Calvert U.S. Large Cap Core Responsible Index Fund A,Calvert U.S. Large Cap Core Responsible Index Fund A,Equity Large Cap,6/1/2000 0:00,922.6,11.54,15.47,9.05,14.03,7.1,10.34,0.27,0.68,5.89,Calvert U.S. Large Cap Core Responsible Index,C,C,C,C,C,C,C,--,C,C,R,R,R,R,R,Yes,Yes
CSXCX,Calvert U.S. Large Cap Core Responsible Index Fund C,Calvert U.S. Large Cap Core Responsible Index Fund C,Equity Large Cap,6/1/2000 0:00,922.6,11.01,14.58,8.23,13.13,6.15,9.53,0.27,1.44,5.82,Calvert U.S. Large Cap Core Responsible Index,C,C,C,C,C,C,C,--,C,C,R,R,R,R,R,Yes,Yes
CISIX,Calvert U.S. Large Cap Core Responsible Index Fund I,Calvert U.S. Large Cap Core Responsible Index Fund I,Equity Large Cap,6/1/2000 0:00,922.6,11.81,15.81,9.46,14.55,7.63,10.7,0.27,0.2,5.86,Calvert U.S. Large Cap Core Responsible Index,C,C,C,C,C,C,C,C,C,C,R,R,R,R,R,Yes,Yes
CISYX,Calvert U.S. Large Cap Core Responsible Index Fund Y,Calvert U.S. Large Cap Core Responsible Index Fund Y,Equity Large Cap,7/1/2012 0:00,922.6,11.76,15.73,9.29,14.19,0,10.6,0.27,0.46,5.84,Calvert U.S. Large Cap Core Responsible Index,C,C,C,C,C,C,C,--,C,C,R,R,R,R,R,Yes,Yes
CGJAX,Calvert U.S. Large Cap Growth Responsible Index Fund A,Calvert U.S. Large Cap Growth Responsible Index Fund A,Equity Large Cap,6/1/2015 0:00,57.74,17.95,17.42,0,0,0,4.03,0.27,0.57,6.38,Calvert U.S. Large Cap Growth Responsible Index,C,C,C,C,C,C,C,--,C,C,R,R,R,R,R,Yes,Yes
CGJCX,Calvert U.S. Large Cap Growth Responsible Index Fund C,Calvert U.S. Large Cap Growth Responsible Index Fund C,Equity Large Cap,6/1/2015 0:00,57.74,17.39,16.63,0,0,0,3.3,0.27,1.32,6.34,Calvert U.S. Large Cap Growth Responsible Index,C,C,C,C,C,C,C,--,C,C,R,R,R,R,R,Yes,Yes
CGJIX,Calvert U.S. Large Cap Growth Responsible Index Fund I,Calvert U.S. Large Cap Growth Responsible Index Fund I,Equity Large Cap,6/1/2015 0:00,57.74,18.22,17.86,0,0,0,4.44,0.27,0.22,6.34,Calvert U.S. Large Cap Growth Responsible Index,C,C,C,C,C,C,C,--,C,C,R,R,R,R,R,Yes,Yes
CGJYX,Calvert U.S. Large Cap Growth Responsible Index Fund Y,Calvert U.S. Large Cap Growth Responsible Index Fund Y,Equity Large Cap,6/1/2015 0:00,57.74,18.13,17.72,0,0,0,4.35,0.27,0.32,6.36,Calvert U.S. Large Cap Growth Responsible Index,C,C,C,C,C,C,C,--,C,C,R,R,R,R,R,Yes,Yes
CFJAX,Calvert U.S. Large Cap Value Responsible Index Fund A,Calvert U.S. Large Cap Value Responsible Index Fund A,Equity Large Cap,6/1/2015 0:00,120.44,5.33,13.38,0,0,0,16.78,0.27,0.57,7.63,Calvert U.S. Large Cap Value Responsible Index,C,C,C,C,C,C,C,--,C,C,R,R,R,R,R,Yes,Yes
CFJCX,Calvert U.S. Large Cap Value Responsible Index Fund C,Calvert U.S. Large Cap Value Responsible Index Fund C,Equity Large Cap,6/1/2015 0:00,120.44,4.88,12.63,0,0,0,15.93,0.27,1.32,7.58,Calvert U.S. Large Cap Value Responsible Index,C,C,C,C,C,C,C,--,C,C,R,R,R,R,R,Yes,Yes
CFJIX,Calvert U.S. Large Cap Value Responsible Index Fund I,Calvert U.S. Large Cap Value Responsible Index Fund I,Equity Large Cap,6/1/2015 0:00,120.44,5.6,13.76,0,0,0,17.2,0.27,0.22,7.59,Calvert U.S. Large Cap Value Responsible Index,C,C,C,C,C,C,C,--,C,C,R,R,R,R,R,Yes,Yes
CFJYX,Calvert U.S. Large Cap Value Responsible Index Fund Y,Calvert U.S. Large Cap Value Responsible Index Fund Y,Equity Large Cap,6/1/2015 0:00,120.44,5.56,13.64,0,0,0,17.02,0.27,0.32,7.56,Calvert U.S. Large Cap Value Responsible Index,C,C,C,C,C,C,C,--,C,C,R,R,R,R,R,Yes,Yes
CULAX,Calvert Ultra-Short Income Fund A,Calvert Ultra-Short Income Fund A,Bond (Fixed Inc),10/1/2006 0:00,900.76,0.97,1.47,0.98,1.04,2.25,1.9,0.38,0.77,0.18,Barclays Short Treasury 9-12 Mon,C,C,C,C,C,C,C,C,C,C,R,R,R,R,R,,
CULIX,Calvert Ultra-Short Income Fund I,Calvert Ultra-Short Income Fund I,Bond (Fixed Inc),1/1/2014 0:00,900.76,1.25,1.81,1.36,0,0,2.22,0.38,0.5,0.18,Barclays Short Treasury 9-12 Mon TR USD,C,C,C,C,C,C,C,--,C,C,R,R,R,R,R,,
CULYX,Calvert Ultra-Short Income Fund Y,Calvert Ultra-Short Income Fund Y,Bond (Fixed Inc),5/1/2010 0:00,900.76,1.22,1.77,1.24,1.28,0,2.15,0.38,0.52,0.14,Barclays Short Treasury 9-12 Mon,C,C,C,C,C,C,C,--,C,C,R,R,R,R,R,,
CUBAX,Calvert Unconstrained Bond Fund A,Calvert Unconstrained Bond Fund A,Bond (Fixed Inc),9/1/2014 0:00,106.88,2.54,3.92,0,0,0,6.24,0.47,1.1,0.46,Barclays 1-3 Month U.S. Treasury Bill Index,C,C,C,C,C,C,C,--,C,C,R,R,R,R,R,,
CUBCX,Calvert Unconstrained Bond Fund C,Calvert Unconstrained Bond Fund C,Bond (Fixed Inc),9/1/2014 0:00,106.88,1.98,3.11,0,0,0,5.45,0.47,1.85,0.49,Barclays 1-3 Month U.S. Treasury Bill Index,C,C,C,C,C,C,C,--,C,C,R,R,R,R,R,,
CUBIX,Calvert Unconstrained Bond Fund I,Calvert Unconstrained Bond Fund I,Bond (Fixed Inc),9/1/2014 0:00,106.88,2.87,4.42,0,0,0,6.73,0.47,0.65,0.43,Barclays 1-3 Month U.S. Treaury Bill Index,C,C,C,C,C,C,C,--,C,C,R,R,R,R,R,,
CUBYX,Calvert Unconstrained Bond Fund Y,Calvert Unconstrained Bond Fund Y,Bond (Fixed Inc),9/1/2014 0:00,106.88,2.78,4.27,0,0,0,6.51,0.47,0.85,0.45,Barclays 1-3 Month U.S. Treasury Bill Index,C,C,C,C,C,C,C,--,C,C,R,R,R,R,R,,
CCMNX,CCM Alternative Income Fund,CCM Alternative Income Fund,Balanced,5/1/2013 0:00,32.56,3.86,4.59,1.38,0,0,2.47,0,2.76,2.5,Citigroup 3-Month T-Bill Index,C,C,C,C,C,C,C,C,C,C,C,C,C,C,C,,
LCILX,ClearBridge Sustainability Leaders Fund (IS shares),ClearBridge Sustainability Leaders Fund (IS shares),All Cap,3/1/2015 0:00,7.43,11.49,14.04,0,0,0,6.06,0.65,0.75,6.52,Russell 3000,P,C,P,P,P,P,C,R,P,--,R,P,R,R,R,Yes,Yes
CRAIX,CRA Qualified Investment - CRA,CRA Qualified Investment - CRA,Bond (Fixed Inc),8/1/1999 0:00,2053.43,2.76,0.16,1.99,1.22,3.32,0.62,0.3,0.91,2.53,Barclays Capital US Aggregate,P *,P,P,P,P,--,--,--,--,--,R,R,R,R,R,,
CRANX,CRA Qualified Investment - Institutional,CRA Qualified Investment - Institutional,Bond (Fixed Inc),3/1/2007 0:00,2053.43,3.17,0.71,2.45,1.68,3.78,0.98,0.3,0.46,2.54,Barclays Capital US Aggregate Bond,P *,P,P,P,P,--,--,--,--,--,X,X,X,X,X,,
CRATX,CRA Qualified Investment - Retail,CRA Qualified Investment - Retail,Bond (Fixed Inc),3/1/2007 0:00,2053.43,3.14,0.56,2.17,1.39,3.45,0.73,0.3,0.81,2.59,Barclays Capital US Aggregate,P *,P,P,P,P,--,--,--,--,--,X,X,X,X,X,,
DOMAX,Domini International Social Equity Fund -- A shares,Domini International Social Equity Fund -- A shares,Int'l Global,12/1/2006 0:00,1091.09,19.56,20.1,5.71,11.31,2.21,3.12,0.94,1.53,7.51,MSCI EAFE Equity,C,C,C,C,C,C,C,R,C,C,X,R,X,X,X,Yes,Yes
DOMOX,Domini International Social Equity Fund -- Institutional shares,Domini International Social Equity Fund -- Institutional shares,Int'l Global,11/1/2012 0:00,1091.09,19.68,20.58,6.15,0,0,3.61,0.94,1.1,7.46,MSCI EAFE Equity,C,C,C,C,C,C,C,R,C,C,X,R,X,X,X,Yes,Yes
DOMIX,Domini International Social Equity Fund -- Investor shares,Domini International Social Equity Fund -- Investor shares,Int'l Global,12/1/2006 0:00,1091.09,19.64,20.25,5.75,11.33,2.05,3.05,0.94,1.52,7.65,MSCI EAFE Equity,C,C,C,C,C,C,C,R,C,C,X,R,X,X,X,Yes,Yes
DSBFX,Domini Social Bond Fund - Investor shares,Domini Social Bond Fund - Investor shares,Bond (Fixed Inc),6/1/2000 0:00,151.51,3.78,0.43,2.42,1.7,3.57,3.43,0.32,0.93,3.23,Barclays U.S. Aggregate Index,C,C,C,C,C,C,C,R,C,C,X,R,X,X,X,Yes,Yes
DSBIX,Domini Social Bond Fund -- Institutional shares,Domini Social Bond Fund -- Institutional shares,Bond (Fixed Inc),11/1/2011 0:00,151.51,3.99,0.72,2.66,1.92,0,3.65,0.32,0.63,3.19,Barclays U.S. Aggregate Index,C *,C,C,C,C,C,C,R,C,C,X,R,X,X,X,Yes,Yes
DSEPX,Domini Social Equity Fund -- A shares,Domini Social Equity Fund -- A shares,Equity Large Cap,11/1/2008 0:00,857.85,8.08,13.51,3.74,10.71,5.59,11.21,0.24,1.18,6.67,S&P 500 Composite Total Return,C,C,C,C,C,C,C,R,C,C,X,R,X,X,X,Yes,Yes
DIEQX,Domini Social Equity Fund -- Institutional shares,Domini Social Equity Fund -- Institutional shares,Bond (Fixed Inc),11/1/2008 0:00,857.85,8.3,13.98,4.14,11.14,6.48,11.66,0.24,0.8,6.58,S&P 500 Composite Total Return,C,C,C,C,C,C,C,R,C,C,X,R,X,X,X,Yes,Yes
DSEFX,Domini Social Equity Fund -- Investor shares,Domini Social Equity Fund -- Investor shares,Equity Large Cap,6/1/1991 0:00,857.85,8.08,13.6,3.77,10.72,6.07,11.24,0.24,1.14,6.6,S&P 500 Composite Total Return,C,C,C,C,C,C,C,R,C,C,X,R,X,X,X,Yes,Yes
DSFRX,Domini Social Equity Fund -- R shares,Domini Social Equity Fund -- R shares,Equity Large Cap,11/1/2003 0:00,857.85,8.24,13.86,4.09,11.07,6.42,11.55,0.24,0.82,6.61,S&P 500 Composite Total Return,C,C,C,C,C,C,C,R,C,C,X,R,X,X,X,Yes,Yes
SRIAX,Gabelli ESG Fund Inc A,Gabelli ESG Fund Inc A,All Cap,6/1/2007 0:00,67.02,8.03,8.09,6.22,10.01,6.82,10.4,1,1.68,4.53,S&P 500 Composite Total Return,C *,C,C,--,--,--,--,--,C,--,R,--,R,R,R,,
SRIGX,Gabelli ESG Fund Inc AAA,Gabelli ESG Fund Inc AAA,All Cap,6/1/2007 0:00,67.02,8.02,8.09,6.22,10,6.8,10.39,1,1.68,4.54,S&P 500 Composite Total Return,C *,C,C,--,--,--,--,--,C,--,R,--,R,R,R,,
SRICX,Gabelli ESG Fund Inc C,Gabelli ESG Fund Inc C,All Cap,6/1/2007 0:00,67.02,7.5,7.27,5.42,9.18,6.01,9.63,1,2.43,4.49,S&P 500 Composite Total Return,C *,C,C,--,--,--,--,--,C,--,R,--,R,R,R,,
SRIDX,Gabelli ESG Fund Inc I,Gabelli ESG Fund Inc I,All Cap,6/1/2007 0:00,67.02,8.2,8.41,6.5,10.27,7.06,10.72,1,1.43,4.47,S&P 500 Composite Total Return,C *,C,C,--,--,--,--,--,C,--,R,--,R,R,R,,
GCBLX,Green Century Balanced,Green Century Balanced,Balanced,3/1/1992 0:00,226.42,7.94,8.04,4.79,9,5.34,5.39,0.65,1.48,4.18,Custom Balanced Index,C *,R,C,P,C,C,P,--,C,C,R,X,X,R,X,Yes,Yes
GCEQX,Green Century Equity,Green Century Equity,Equity Large Cap,6/1/1991 0:00,209.57,12.98,14.9,8.86,13.86,6.94,8.7,0.25,1.25,6.05,S&P 500 Composite Total Return,C *,R,C,--,C,C,C,--,C,P,X,R,X,X,X,Yes,Yes
GCIFX,Green Century MSCI International Index Fund - Institution,Green Century MSCI International Index Fund - Institution,Int'l Global,9/1/2016 0:00,26.47,17.91,0,0,0,0,0,0.28,0,0,MSCI World ex USA,C *,R,C,--,C,C,C,--,C,C,X,R,X,X,X,,Yes
GCINX,Green Century MSCI International Index Fund - Investor,Green Century MSCI International Index Fund - Investor,Int'l Global,9/1/2016 0:00,26.47,17.75,0,0,0,0,0,0.28,0,0,MSCI World ex USA,C *,R,C,--,C,C,C,--,C,C,X,R,X,X,X,,Yes
ESGMX,Mirova Global Sustainable Equity Fund - Class A,Mirova Global Sustainable Equity Fund - Class A,Int'l Global,3/1/2016 0:00,62.28,21.31,16.1,0,0,0,0,0.8,0,8.72,MSCI World,P,X,C,C,P,R,C,--,C,C,--,--,--,--,--,,
ESGYX,Mirova Global Sustainable Equity Fund - Class Y,Mirova Global Sustainable Equity Fund - Class Y,Int'l Global,3/1/2016 0:00,62.28,21.49,16.34,0,0,0,0,0.8,0,8.68,MSCI World,P,R,C,C,P,R,C,--,C,C,R,--,R,C,R,,Yes
NBSRX,Neuberger Berman Socially Resp Inv,Neuberger Berman Socially Resp Inv,Equity Large Cap,3/1/1994 0:00,2393.16,9.97,13.54,7.93,13.67,7.06,10.1,0.73,0.86,6.71,S&P 500 Composite Total Return,C,C,C,P,P,P,P,X,P,P,X,R,X,X,X,Yes,Yes
NRARX,Neuberger Berman Socially Resp R3,Neuberger Berman Socially Resp R3,Equity Large Cap,5/1/2009 0:00,2393.16,9.66,13.04,7.47,13.19,0,9.62,0.73,1.29,6.64,S&P 500 Composite Total Return,C,C,P,P,P,P,P,X,P,P,X,R,X,X,X,Yes,Yes
NBSTX,Neuberger Berman Socially Resp Tr,Neuberger Berman Socially Resp Tr,Equity Large Cap,3/1/1997 0:00,2393.16,9.9,13.41,7.77,13.49,6.87,9.88,0.87,1.03,6.67,S&P 500 Composite Total Return,C,C,C,P,P,P,P,X,P,P,X,R,X,X,X,Yes,Yes
NRAAX,Neuberger Berman Socially Responsive A,Neuberger Berman Socially Responsive A,Equity Large Cap,5/1/2009 0:00,2393.16,9.87,13.36,7.74,13.45,0,9.89,0.73,1.05,6.7,S&P 500 Composite Total Return,C,C,C,P,P,P,P,X,P,P,X,R,X,X,X,Yes,Yes
NRACX,Neuberger Berman Socially Responsive C,Neuberger Berman Socially Responsive C,Equity Large Cap,5/1/2009 0:00,2393.16,9.28,12.53,6.93,12.61,0,9.11,0.73,1.79,6.62,S&P 500 Composite Total Return,C,C,C,P,P,P,P,X,P,P,X,R,X,X,X,Yes,Yes
NBSLX,Neuberger Berman Socially Responsive I,Neuberger Berman Socially Responsive I,Equity Large Cap,11/1/2007 0:00,2393.16,10.12,13.78,8.14,13.89,0,10.31,0.62,0.68,6.66,S&P 500 Composite Total Return,C,C,C,P,P,P,P,P,P,P,X,R,X,X,X,Yes,Yes
PAFSX,Parnassus Asia Fund,Parnassus Asia Fund,Int'l Global,4/1/2013 0:00,15.36,13.87,15.66,3.64,0,0,13.98,1.1,1.25,6.5,MSCI AC Asia Pacific Index,P,P,P,P,P,P,P,R,P,P,R,P,R,R,R,Yes,Yes
PRBLX,Parnassus Core Equity Fund,Parnassus Core Equity Fund,Equity Large Cap,8/1/1992 0:00,15612.1,8.52,10.72,7.68,13.59,9.46,10.4,0.6,0.88,5.28,S&P 500 Composite Total Return,P,P,P,P,P,P,P,R,P,P,R,P,R,R,R,Yes,Yes
PARWX,Parnassus Endeavor Fund,Parnassus Endeavor Fund,Equity Specialty,4/1/2005 0:00,4588.2,11.19,20.76,14.05,17.9,12.67,21.42,0.69,0.95,7.61,S&P 500 Composite Total Return,P *,P,P,P,P,P,P,R,P,P,R,P,R,R,R,Yes,Yes
PRFIX,Parnassus Fixed Income Fund,Parnassus Fixed Income Fund,Bond (Fixed Inc),8/1/1992 0:00,243.2,3.61,0.93,2.37,1.53,3.74,2.42,0.5,0.68,2.9,Barclays Capital US Credit,P,P,P,P,P,P,P,R,P,P,R,P,R,R,R,Yes,Yes
PARNX,Parnassus Fund,Parnassus Fund,All Cap,12/1/1984 0:00,1029.39,8.01,14.63,8.54,15.13,9.44,13.46,0.62,0.84,8.27,S&P 500 Composite Total Return,P,P,P,P,P,P,P,R,P,P,R,P,R,R,R,Yes,Yes
PARMX,Parnassus Mid Cap Fund,Parnassus Mid Cap Fund,Equity Mid-Sm Cap,4/1/2005 0:00,2564.98,8.94,11.37,9.37,13.26,9.17,16.07,0.74,0.99,6.48,Russell Midcap Index,P,P,P,P,P,P,P,R,P,P,R,P,R,R,R,Yes,Yes
PAXWX,Pax Balanced Fund - Individual Investor,Pax Balanced Fund - Individual Investor,Balanced,8/1/1971 0:00,1955.9,8.22,8.31,4.91,8.13,4.28,5.81,0.75,0.77,3.02,Blended Index,C,C,C,C,C,C,C,R,C,C,C,C,X,C,X,,Yes
PAXIX,Pax Balanced Fund - Institutional Investor,Pax Balanced Fund - Institutional Investor,Balanced,4/1/2007 0:00,1955.9,8.39,8.59,5.17,8.4,4.54,6.1,0.75,0.52,3.06,Blended Index,C,C,C,C,C,C,C,R,C,C,C,C,X,C,X,,Yes
PAXBX,Pax Core Bond fund Individual,Pax Core Bond fund Individual,Bond (Fixed Inc),12/1/2016 0:00,689.07,3.12,0,0,0,0,0,0.4,0.72,0,Barclays Capital US Aggregate Bond,--,--,C,C,C,C,C,R,C,C,C,C,R,--,X,,Yes
PXBIX,Pax Core Bond fund Institutional,Pax Core Bond fund Institutional,Bond (Fixed Inc),12/1/2016 0:00,689.07,3.28,0,0,0,0,0,0.4,0.47,0,Barclays Capital US Aggregate Bond,--,--,C,C,C,C,C,R,C,C,C,C,R,--,X,,Yes
PXWEX,Pax Ellevate Global Women's Index Fund - Individual Investor,Pax Ellevate Global Women's Index Fund - Individual Investor,Equity Specialty,10/1/1993 0:00,156.09,15.16,14.93,6.22,10.89,0,6.01,0.65,0.98,5.41,Pax Global Women’s Leadership Index,C,C,C,C,C,C,C,--,C,C,--,--,R,--,R,,Yes
PXWIX,Pax Ellevate Global Women's Index Fund - Institutional Class,Pax Ellevate Global Women's Index Fund - Institutional Class,Equity Specialty,4/1/2006 0:00,156.09,15.31,15.19,6.45,11.15,0,6.3,0.65,0.74,5.43,Pax Global Women’s Leadership Index,C,C,C,C,C,C,C,--,C,C,--,--,R,--,R,,Yes
PAXDX,Pax ESG Beta Dividend Fund Individual,Pax ESG Beta Dividend Fund Individual,Equity Large Cap,12/1/2016 0:00,139.89,8,0,0,0,0,0,0.65,0.9,0,Russell 1000,--,--,C,--,C,C,C,R,C,C,C,C,R,--,X,,Yes
PXDIX,Pax ESG Beta Dividend Fund Institutional,Pax ESG Beta Dividend Fund Institutional,Equity Large Cap,12/1/2016 0:00,139.89,8.17,0,0,0,0,0,0.65,0.65,0,Russell 1000,--,--,C,--,C,C,C,R,C,C,C,C,R,--,X,,Yes
PXGAX,Pax ESG Beta Quality Fund - Class A,Pax ESG Beta Quality Fund - Class A,Equity Large Cap,5/1/2013 0:00,199.53,11.47,14.3,7.81,0,0,6.24,0.65,1.06,5.44,Russell 1000,C *,C,C,C,C,C,C,R,C,C,C,C,X,C,X,,Yes
PXWGX,Pax ESG Beta Quality Fund - Individual Investor,Pax ESG Beta Quality Fund - Individual Investor,Equity Large Cap,6/1/1997 0:00,199.53,11.48,14.29,7.82,12.59,7.02,6.26,0.65,1.07,5.42,Russell 1000,C,C,C,C,C,C,C,R,C,C,C,C,X,C,X,,Yes
PWGIX,Pax ESG Beta Quality Fund - Institutional Investor,Pax ESG Beta Quality Fund - Institutional Investor,Equity Large Cap,4/1/2007 0:00,199.53,11.67,14.57,8.08,12.88,7.36,6.49,0.65,0.84,5.38,Russell 1000,C,C,C,C,C,C,C,R,C,C,C,C,X,C,X,,Yes
PGRNX,Pax Global Environmental Markets Fund - Individual Investor,Pax Global Environmental Markets Fund - Individual Investor,Int'l Global,3/1/2008 0:00,511.04,17.56,16.99,7.14,12.93,0,10.62,0.8,1.29,7.13,MSCI AC World (Net) Index (ACWI),C *,C,C,C,C,C,C,R,C,C,C,C,X,C,X,,Yes
PGINX,Pax Global Environmental Markets Fund - Institutional Class,Pax Global Environmental Markets Fund - Institutional Class,Int'l Global,3/1/2008 0:00,511.04,17.73,17.24,7.39,13.19,0,10.91,0.8,1.04,7.09,MSCI AC World (Net) Index (ACWI),C *,C,C,C,C,C,C,R,C,C,C,C,X,C,X,,Yes
PXEAX,Pax Global Environmental Markets Fund A,Pax Global Environmental Markets Fund A,Int'l Global,5/1/2013 0:00,511.04,17.52,16.93,7.1,0,0,10.62,0.8,1.3,7.11,MSCI AC World (Net) Index (ACWI),C *,C,C,C,C,C,C,R,C,C,C,C,X,C,X,,Yes
PAXHX,Pax High Yield Bond Fund - Individual Investor,Pax High Yield Bond Fund - Individual Investor,Bond (Fixed Inc),10/1/1999 0:00,413.08,4.94,8.69,1.92,4.37,5.51,13.8,0.5,0.99,2.99,Merrill Lynch High Yield Master I,C,C,C,C,C,C,C,R,C,C,C,C,X,C,X,,Yes
PXHIX,Pax High Yield Bond Fund - Institutional Investor,Pax High Yield Bond Fund - Institutional Investor,Bond (Fixed Inc),6/1/2004 0:00,413.08,5.27,8.97,2.21,4.63,5.76,13.94,0.5,0.74,3,Merrill Lynch High Yield Master I,C,C,C,C,C,C,C,R,C,C,C,C,X,C,X,,Yes
PXHAX,Pax High Yield Bond Fund A,Pax High Yield Bond Fund A,Bond (Fixed Inc),5/1/2013 0:00,413.08,5.09,8.84,2.01,0,0,13.78,0.5,0.98,2.99,Merrill Lynch High Yield Master I,C,C,C,C,C,C,C,R,C,C,C,C,X,C,X,,Yes
PAXLX,Pax Large Cap Fund Individual,Pax Large Cap Fund Individual,Equity Large Cap,12/1/2016 0:00,773.57,11.35,0,0,0,0,0,0.65,0.95,0,S&P 500 Composite Total Return,--,--,C,C,C,C,C,R,C,C,C,C,R,--,X,,Yes
PXLIX,Pax Large Cap Fund Intitutional,Pax Large Cap Fund Intitutional,Equity Large Cap,12/1/2016 0:00,773.57,11.53,0,0,0,0,0,0.65,0.7,0,S&P 500 Composite Total Return,--,--,C,C,C,C,C,R,C,C,C,C,R,--,X,,Yes
PWMDX,Pax Mid Cap Fund Individual,Pax Mid Cap Fund Individual,Equity Mid-Sm Cap,3/1/2016 0:00,146.41,7.66,10.25,0,0,0,0,0.75,1.15,5.73,Russell Midcap Index,--,--,C,C,C,C,C,R,C,C,C,C,R,--,X,,Yes
PMIDX,Pax Mid Cap Fund Institutional,Pax Mid Cap Fund Institutional,Equity Mid-Sm Cap,3/1/2016 0:00,146.41,7.96,10.58,0,0,0,0,0.75,0.9,5.69,Russell Midcap Index,--,--,C,C,C,C,C,R,C,C,C,C,R,--,X,,Yes
PXINX,Pax MSCI EAFE ESG Leaders Index Fund - Individual Investor,Pax MSCI EAFE ESG Leaders Index Fund - Individual Investor,Int'l Global,3/1/2008 0:00,609.39,17.06,14.84,2.45,5.13,0,-1.85,0.55,0.8,7.07,MSCI EAFE ESG Index,C,C,C,C,C,C,C,--,C,C,--,--,R,--,R,,Yes
PXNIX,Pax MSCI EAFE ESG Leaders Index Fund - Institutional Class,Pax MSCI EAFE ESG Leaders Index Fund - Institutional Class,Int'l Global,3/1/2008 0:00,609.39,17.24,15.14,2.7,4.77,0,-1.63,0.55,0.55,7.12,MSCI EAFE ESG Index,C,C,C,C,C,C,C,--,C,C,--,--,R,--,R,,Yes
PXSCX,Pax Small Cap Fund - Individual Investor,Pax Small Cap Fund - Individual Investor,Equity Mid-Sm Cap,3/1/2008 0:00,821.23,-1.01,7.42,4.55,13.06,0,17.9,0.75,1.19,8.48,Russell 2000,C,C,C,C,C,C,C,R,C,C,C,C,X,C,X,,Yes
PXSIX,Pax Small Cap Fund - Institutional Class,Pax Small Cap Fund - Institutional Class,Equity Mid-Sm Cap,3/1/2008 0:00,821.23,-0.81,7.71,4.82,13.35,0,18.17,0.75,0.94,8.48,Russell 2000,C,C,C,C,C,C,C,R,C,C,C,C,X,C,X,,Yes
PXSAX,Pax Small Cap Fund A,Pax Small Cap Fund A,Equity Mid-Sm Cap,5/1/2013 0:00,821.23,-1.01,7.44,4.56,0,0,17.85,0.75,1.19,8.5,Russell 2000,C,C,C,C,C,C,C,R,C,C,C,C,X,C,X,,Yes
PORTX/,Portfolio 21 Global Equity Fund,Portfolio 21 Global Equity Fund,Int'l Global,9/1/1999 0:00,471.51,18.43,16.66,7,10.32,4.14,3.72,0.9,1.33,5.41,MSCI ACWI,R *,C,R,X,C,C,C,--,--,--,--,R,R,R,R,,Yes
PORIX,Portfolio 21 Institutional,Portfolio 21 Institutional,Int'l Global,3/1/2007 0:00,471.51,18.65,16.99,7.27,10.63,4.44,3.96,0.9,1.08,5.4,MSCI ACWI,P *,P,P,P,R,R,R,C,P,R,R,R,R,R,R,Yes,Yes
MBAPX,Praxis Genesis Balanced A,Praxis Genesis Balanced A,Balanced,1/1/2010 0:00,69.12,8.02,8.57,4.22,7.14,0,6.49,0.05,0.54,3.17,Russell 3000,P,P,P,P,P,P,P,--,P,P,X,--,X,X,X,,
MCONX,Praxis Genesis Conservative A,Praxis Genesis Conservative A,Balanced,1/1/2010 0:00,22.25,5.94,4.63,3.25,4.59,0,4.22,0.05,0.6,2.46,Barclays Capital US Aggregate Bond,P,P,P,P,P,P,P,--,P,P,X,--,X,X,X,,
MGAFX,Praxis Genesis Growth A,Praxis Genesis Growth A,Balanced,1/1/2010 0:00,60.16,9.43,11.11,5.04,8.91,0,7.82,0.05,0.62,4.06,Russell 3000,P,P,P,P,P,P,P,--,P,P,X,--,X,X,X,,
MMDEX,Praxis Growth Index Fund - Institutional,Praxis Growth Index Fund - Institutional,Equity Large Cap,5/1/2007 0:00,244.09,17.33,18.34,10.93,14.84,9,7.62,0.3,0.44,5.75,MSCI U.S. Prime Market Growth Index,--,--,P,P,P,P,P,--,--,--,X,R,X,X,X,,
MGNDX,Praxis Growth Index Fund A,Praxis Growth Index Fund A,Equity Large Cap,5/1/2007 0:00,244.09,17,17.84,10.48,14.34,8.53,7.15,0.3,0.86,5.79,MSCI U.S. Prime Market Growth Index,--,--,P,P,P,P,P,--,--,--,X,R,X,X,X,,
MIIIX,Praxis Intermediate Income - Institutional,Praxis Intermediate Income - Institutional,Bond (Fixed Inc),5/1/2006 0:00,500.34,3.72,0.97,2.61,2.4,4.7,2.44,0.4,0.54,2.8,Barclays Capital US Aggregate,--,--,P,P,P,P,P,--,--,--,X,R,X,X,X,,
MIIAX,Praxis Intermediate Income A,Praxis Intermediate Income A,Bond (Fixed Inc),5/1/1999 0:00,500.34,3.36,0.48,2.2,1.98,4.32,2.12,0.4,0.94,2.77,Barclays Capital US Aggregate,--,--,P,P,P,P,P,--,--,--,X,R,X,X,X,,
MPLAX,Praxis International Index A,Praxis International Index A,Int'l Global,12/1/2010 0:00,271.46,18.27,18.08,2.09,6.79,0,4.97,0.6,1.32,6.49,MSCI ACWI xUS,--,--,P,P,P,P,P,--,--,--,X,R,X,X,X,,
MPLIX,Praxis International Index Fund - Institutional,Praxis International Index Fund - Institutional,Equity Specialty,12/1/2010 0:00,271.46,18.82,18.87,2.66,7.43,0,5.48,0.6,0.77,6.38,MSCI ACWI xUS,--,--,P,P,P,P,P,--,--,--,X,R,X,X,X,,
MMSIX,Praxis Small Cap Fund - Institutional,Praxis Small Cap Fund - Institutional,Equity Mid-Sm Cap,5/1/2007 0:00,47.92,-0.19,3.45,1.81,6.76,5.04,8.93,0.3,1,11.5,Russell 2000,--,--,P,P,P,P,P,--,--,--,X,R,X,X,X,,
MMSCX,Praxis Small Cap Fund A,Praxis Small Cap Fund A,Equity Mid-Sm Cap,5/1/2007 0:00,47.92,-0.52,2.73,1.22,6.09,4.51,8.18,0.3,1.67,11.57,Russell 2000,--,--,P,P,P,P,P,--,--,--,X,R,X,X,X,,
MVIIX,Praxis Value Index - Institutional,Praxis Value Index - Institutional,Equity Large Cap,5/1/2006 0:00,177.74,5.81,12.85,6,12.76,4.58,16.75,0.3,0.44,7.82,MSCI US Prime Market Value Index,--,--,P,P,P,P,P,--,--,--,X,R,X,X,X,,
MVIAX,Praxis Value Index A,Praxis Value Index A,Equity Large Cap,5/1/2001 0:00,177.74,5.46,12.22,5.5,12.18,4.02,16.13,0.3,0.94,7.73,MSCI US Prime Market Value Index,--,--,P,P,P,P,P,--,--,--,X,R,X,X,X,,
SEBFX,Saturna Sustainable Bond Fund,Saturna Sustainable Bond Fund,Bond (Fixed Inc),3/1/2015 0:00,20.22,6.38,3.95,0,0,0,1.85,0.55,0.89,3.54,Citigroup World BIG Bond Index,C *,C,C,C,C,C,C,--,C,C,X,C,C,X,X,Yes,
SEEFX,Saturna Sustainable Equity Fund,Saturna Sustainable Equity Fund,Int'l Global,3/1/2015 0:00,4.65,15.99,12.57,0,0,0,-1.43,0.65,0.99,5.73,S&P Global 1200,C *,C,C,C,C,C,C,--,C,C,X,C,C,X,X,Yes,
MYPVX,Sentinel Sustainable Core Opportunities Fund (A Shares),Sentinel Sustainable Core Opportunities Fund (A Shares),Equity Large Cap,6/1/1996 0:00,385.76,12.29,14.98,7.54,12.79,5.67,9.66,0.7,0.17,5.85,S&P 500 Composite Total Return,P,P,P,--,P,P,P,--,P,P,R,R,R,R,R,,Yes
CVALX,Sentinel Sustainable Core Opportunities Fund (I Shares),Sentinel Sustainable Core Opportunities Fund (I Shares),Equity Large Cap,4/1/2006 0:00,385.76,12.49,15.36,7.84,13.11,6.05,10.02,0.7,0.91,5.83,S&P 500 Composite Total Return,P,P,P,P,P,P,P,--,P,P,R,R,R,R,R,,Yes
NEXTX,Shelton Green Alpha Fund,Shelton Green Alpha Fund,All Cap,3/1/2013 0:00,40.32,22.75,19.2,2.89,0,0,-4.27,1,1.31,9.17,S&P 500 Composite Total Return,C *,C,C,C,C,C,C,X,C,C,C,C,C,X,X,Yes,
TSBIX,TIAA-CREF Social Choice Bond Institutional,TIAA-CREF Social Choice Bond Institutional,Bond (Fixed Inc),9/1/2012 0:00,1434.57,4.32,1.63,3.48,0,0,3.19,0.35,0.4,3,Barclays Capital US Aggregate Bond,P,P,P,P,P,P,P,X,P,P,R,--,R,R,R,Yes,Yes
TSBPX,TIAA-CREF Social Choice Bond Premier,TIAA-CREF Social Choice Bond Premier,Bond (Fixed Inc),9/1/2012 0:00,1434.57,4.22,1.48,3.32,0,0,3.03,0.35,0.55,2.97,Barclays Capital US Aggregate Bond,P,P,P,P,P,P,P,X,P,P,R,--,R,R,R,Yes,Yes
TSBRX,TIAA-CREF Social Choice Bond Retail,TIAA-CREF Social Choice Bond Retail,Bond (Fixed Inc),9/1/2012 0:00,1434.57,4.14,1.35,3.16,0,0,2.81,0.35,0.68,2.9,Barclays Capital US Aggregate Bond,P,P,P,P,P,P,P,X,P,P,R,--,R,R,R,Yes,Yes
TSBBX,TIAA-CREF Social Choice Bond Retirement,TIAA-CREF Social Choice Bond Retirement,Bond (Fixed Inc),9/1/2012 0:00,1434.57,4.15,1.38,3.19,0,0,2.83,0.35,0.65,2.89,Barclays Capital US Aggregate Bond,P,P,P,P,P,P,P,X,P,P,R,--,R,R,R,Yes,Yes
TISCX,TIAA-CREF Social Choice Equity Institutional,TIAA-CREF Social Choice Equity Institutional,Equity Specialty,7/1/1999 0:00,2656.43,10.85,15.34,7.61,13.77,7.45,13.51,0.15,0.18,6.1,Russell 3000,P,P,P,P,P,P,P,X,P,P,R,--,R,R,R,Yes,Yes
TRPSX,TIAA-CREF Social Choice Equity Premier,TIAA-CREF Social Choice Equity Premier,Equity Specialty,9/1/2009 0:00,2656.43,10.76,15.17,7.46,13.61,0,13.32,0.15,0.32,6.09,Russell 3000,P,P,P,P,P,P,P,X,P,P,R,--,R,R,R,Yes,Yes
TICRX,TIAA-CREF Social Choice Equity Retail,TIAA-CREF Social Choice Equity Retail,Equity Specialty,3/1/2006 0:00,2656.43,10.6,15.05,7.34,13.46,7.2,13.26,0.15,0.44,6.15,Russell 3000,P,P,P,P,P,P,P,X,P,P,R,--,R,R,R,Yes,Yes
TRSCX,TIAA-CREF Social Choice Equity Retirement,TIAA-CREF Social Choice Equity Retirement,Equity Specialty,10/1/2002 0:00,2656.43,10.69,15.11,7.35,13.5,7.18,13.24,0.15,0.43,6.13,Russell 3000,P,P,P,P,P,P,P,X,P,P,R,--,R,R,R,Yes,Yes
TSMDX,Trillium Small/Mid Cap Mutual Fund,Trillium Small/Mid Cap Mutual Fund,Equity Mid-Sm Cap,8/1/2015 0:00,10.54,5.83,11.39,0,0,0,14.48,0.75,1,8.73,S&P 1000,C,C,C,--,C,C,C,C,C,C,--,C,C,C,X,,Yes
BNIEX,UBS International Sustainable Equity Fund,UBS International Sustainable Equity Fund,Int'l Global,6/1/1997 0:00,31.55,19.81,18.52,4.75,9.35,2.05,-1.07,0.8,1.25,7.55,MSCI World ex USA,C,C,C,C,C,C,C,R,C,C,X,C,X,X,X,,Yes
WSBFX,Walden Asset Management Fund,Walden Asset Management Fund,Balanced,6/1/1999 0:00,114.66,7.18,8.99,6.35,8.93,5.88,9.08,0.75,1,4.49,Blend: 60% S&P 500 - 40% BC Aggregate,C,C,C,C,C,R,C,--,--,--,R,R,R,R,R,,Yes
WSEFX,Walden Equity Fund,Walden Equity Fund,Equity Large Cap,6/1/1999 0:00,190.6,9.25,13.11,8.13,11.89,7.47,11.8,0.75,1,6.38,S&P 500 Composite Total Return,C,C,C,C,C,R,C,--,--,--,R,R,R,R,R,,Yes
WAMFX,Walden Midcap Fund,Walden Midcap Fund,Equity Mid-Sm Cap,8/1/2011 0:00,41.74,6.71,8.82,7.4,11.66,0,12.13,0.75,1,7.52,Russell Midcap,C,C,C,C,C,R,C,--,--,--,R,R,R,R,R,,Yes
WASOX,Walden Small Cap Innovations Fund,Walden Small Cap Innovations Fund,Equity Mid-Sm Cap,10/1/2008 0:00,84.09,0.43,9.3,7.13,10.47,0,23.96,0.75,1,11.74,Russell 2000,P,P,P,P,P,R,P,--,--,--,R,R,R,R,R,,Yes
WASMX,Walden SMID Cap Innovations Fund,Walden SMID Cap Innovations Fund,Equity Mid-Sm Cap,6/1/2012 0:00,42.87,4.38,12.22,7.87,11.51,0,20.11,0.75,1,9.79,Russell 2500,P,P,P,P,P,R,P,--,--,--,R,C,R,R,R,,Yes
