Employer,Headquarters,1a_Sexual_Orientation,1b_Gender_Identity,1c_Contractor_Standards,2a_Spousal_Benefits,2b_Parity_Spousal_Benefits,2c_Trans_Inclusive_Healthcare,3a_Org Competency,3b_ERG,4_Positive_LGBTQ_Engagmt,Negative_LGBTQ_Demerit,2017_CEI_Score,2016_CEI_Score,Fortune_1000_Rank
3M Co.,"St. Paul, MN",F,F,F,F,F,F,F,F,F,,100,100,98
A.T. Kearney Inc.,"Chicago, IL",F,F,F,F,F,F,F,F,F,,100,100,
A|X Armani Exchange,"New York, NY",P,P,F,F,F,F,F,F,P,,85,85,
Abbott Laboratories,"Abbott Park, IL",F,F,F,F,F,,,F,P,,75,75,134
AbbVie Inc.,"North Chicago, IL",F,F,F,F,F,F,F,F,F,,100,100,146
Abercrombie & Fitch Co.,"New Albany, OH",F,F,F,F,F,F,F,F,F,,100,100,648
Accenture,"New York, NY",F,F,F,F,F,F,F,F,F,,100,100,
Acer America Corp.,"San Jose, CA",P,,,F,P,,,,,,25,25,
Adecco North America LLC,"Jacksonville, FL",F,F,F,F,F,,F,F,P,,85,85,
Adidas North America Inc.,"Portland, OR",F,F,F,F,F,F,F,F,F,,100,100,
Adobe Systems Inc.,"San Jose, CA",F,F,F,F,F,F,F,F,F,,100,100,605
ADT,"Boca Raton, FL",P,,F,F,F,,,P,P,,45,10,689
Advance Auto Parts (Advance Holding),"Roanoke, VA",P,P,,,,,,,,,20,20,294
Advanced Micro Devices Inc.,"Sunnyvale, CA",F,F,F,F,F,F,F,F,F,,100,80,473
AECOM,"Los Angeles, CA",F,F,F,F,F,,F,F,P,,85,85,343
AÌ©ropostale Inc.,"New York, NY",F,F,F,F,F,F,,P,F,,85,85,
"AES Corp., The","Arlington, VA",,,,,,,,,,,0,0,178
Aetna Inc.,"Hartford, CT",F,F,F,F,F,F,F,F,F,,100,100,49
Aflac Inc.,"Columbus, GA",P,P,F,F,F,,F,F,P,,75,75,132
Agco,"Duluth, GA",P,,,,,,,,,,10,10,296
Agilent Technologies Inc.,"Santa Clara, CA",F,F,F,F,F,F,F,P,F,,95,90,389
Ahold USA Inc.,"Quincy, MA",F,F,F,F,F,F,F,F,P,,95,40,
AIG,"New York, NY",F,F,F,F,F,F,F,F,F,,100,100,46
Air Products & Chemicals Inc.,"Allentown, PA",F,F,F,F,F,F,F,F,F,,100,95,284
Airbnb Inc.,"San Francisco, CA",F,F,F,F,F,F,F,F,F,,100,100,
AK Steel Holding Corp.,"West Chester, OH",P,P,,,,,,,,,20,20,415
Akamai Technologies Inc.,"Cambridge, MA",F,F,F,F,F,F,F,F,F,,100,75,
Akerman LLP,"Miami, FL",F,F,F,F,F,F,F,F,F,,100,100,
"Akin, Gump, Strauss, Hauer & Feld LLP","Washington, DC",F,F,F,F,F,F,F,F,F,,100,100,
Alaska Airlines,"Seattle, WA",F,F,F,F,F,F,F,F,F,,100,100,484
Alcoa Inc.,"Chicago, IL",F,F,F,F,F,F,F,F,F,,100,100,125
Alleghany Corp.,"New York, NY",P,P,,,,,,,,,20,20,499
Allergan Inc.,"Irvine, CA",P,P,,,,,,,,,20,10,380
Alliance Data Systems Corp.,"Plano, TX",F,F,F,F,F,,F,P,P,,80,,494
Alliance One International,"Morrisville, NC",F,F,F,,F,,,P,P,,55,,912
AllianceBernstein LP,"New York, NY",F,F,F,F,F,F,F,F,F,,100,100,
Alliant Energy Corp.,"Madison, WI",F,F,F,F,F,,F,F,F,,90,90,697
Allianz Life Insurance Co. of North America,"Minneapolis, MN",F,F,F,F,F,F,F,F,F,,100,85,
Allscripts-Misys Healthcare Solutions Inc.,"Chicago, IL",P,,F,,P,,,P,P,,30,30,
Allstate Insurance Co,"Northbrook, IL",F,F,F,F,F,,F,F,P,,85,85,89
Ally Financial Inc.,"Detroit, MI",F,F,F,F,F,F,F,F,F,,100,20,295
Alston & Bird LLP,"Atlanta, GA",F,F,F,F,F,F,F,F,F,,100,100,
Altria Group Inc.,"Richmond, VA",F,F,,F,F,F,,F,F,,85,85,169
A-Mark Precious Metals,"Santa Monica, CA",,,,,,,,,,,0,,444
Amazon.com Inc.,"Seattle, WA",F,F,F,F,F,F,,F,F,,90,85,29
AMC Entertainment Inc.,"Leawood, KS",F,F,F,F,F,F,F,F,F,,100,100,
Ameren Corp.,"St. Louis, MO",F,F,F,F,F,F,F,F,F,,100,90,438
American Airlines,"Fort Worth, TX",F,F,F,F,F,F,F,F,F,,100,100,70
American Apparel LLC,"Los Angeles, CA",F,F,F,F,F,F,F,F,F,,100,100,
American Eagle Outfitters Inc.,"Pittsburgh, PA",F,F,F,F,F,F,F,F,F,,100,100,703
American Electric Power Co. Inc.,"Columbus, OH",F,F,F,F,F,F,F,F,F,,100,95,184
American Express Co.,"New York, NY",F,F,F,F,F,F,F,F,F,,100,100,88
American Express Global Business Travel,"Jersey City, NJ",F,F,F,F,F,F,F,F,F,,100,100,
American Family Insurance Group,"Madison, WI",F,F,F,F,F,F,F,F,F,,100,100,358
American Financial Group,"Cincinnati, OH",P,P,,,,,,,,,20,20,459
Ameriprise Financial Inc.,"Minneapolis, MN",F,F,F,F,F,F,F,F,F,,100,100,247
AmerisourceBergen Corp.,"Chesterbrook, PA",F,F,F,F,F,F,,F,P,,85,75,16
Amgen Inc.,"Thousand Oaks, CA",F,F,F,F,F,F,F,F,F,,100,90,145
Amphenol Corp.,"Wallingford, CT",,,,,,,,,,,0,,487
Anadarko Petroleum,"The Woodlands, TX",P,P,,F,F,,,,,,40,20,162
Andrews Kurth LLP,"Houston, TX",F,F,F,F,F,,F,F,F,,90,90,
Anheuser-Busch Companies Inc.,"St. Louis, MO",F,F,F,F,F,F,F,F,F,,100,100,
Anixter International Inc.,"Glenview, IL",P,P,,,,,,,,,20,20,420
Anthem Inc.,"Indianapolis, IN",F,F,F,F,F,F,F,F,F,,100,100,38
AOL,"New York, NY",F,F,F,F,F,F,,F,P,,85,85,858
Aon Corp.,"Chicago, IL",F,F,F,F,F,F,F,F,F,,100,100,
Apache Corp.,"Houston, TX",P,P,,,,,,,,,20,20,218
Apple Inc.,"Cupertino, CA",F,F,F,F,F,F,F,F,F,,100,100,5
Applied Materials Inc.,"Santa Clara, CA",F,F,F,F,F,F,,P,F,,85,80,319
Aramark Corp.,"Philadelphia, PA",F,F,F,F,F,F,F,F,F,,100,100,207
Archer Daniels Midland Co.,"Decatur, IL",F,F,,F,F,,,F,P,,65,35,34
Arconic Inc.,"New York, NY",F,F,F,F,F,F,F,F,F,,100,100,
Arent Fox LLP,"Washington, DC",F,F,F,F,F,F,F,F,F,,100,95,
Armstrong Teasdale LLP,"St. Louis, MO",F,F,F,F,F,F,F,F,F,,100,100,
Arnold & Porter LLP,"Washington, DC",F,F,F,F,F,F,F,F,F,,100,100,
ARRIS Group,"Suwanee, GA",,,,,,,,,,,0,,492
Arrow Electronics,"Centennial, CO",F,F,F,F,F,F,,F,P,,85,75,131
Arup USA Inc,"New York, NY",F,F,F,F,F,F,,F,F,,90,,
Asbury Automotive Group,"Duluth, GA",P,,,,,,,,,,10,10,450
Ashland Inc.,"Covington, KY",F,F,F,F,F,,,P,P,,65,65,371
Assurant,"New York, NY",F,F,F,F,F,,F,F,F,,90,85,285
Astellas Pharma US Inc.,"Northbrook, IL",F,F,F,F,F,F,F,F,F,,100,100,
AstraZeneca PLC,"Wilmington, DE",F,F,F,F,F,F,,F,F,,90,90,
AT&T Inc.,"Dallas, TX",F,F,F,F,F,F,F,F,F,,100,100,12
AthenaHealth Inc.,"Watertown, MA",F,F,F,F,F,F,F,F,P,,95,,
Austin Radiological Assn.,"Austin, TX",P,,,F,P,,,P,,,30,30,
Autodesk Inc.,"San Rafael, CA",F,F,F,F,F,F,F,F,F,,100,85,862
Autoliv Inc.,"Auburn Hills, MI",P,P,,,,,,,,,20,20,312
Automatic Data Processing Inc.,"Roseland, NJ",F,F,F,F,F,F,F,F,F,,100,100,251
AutoNation Inc.,"Fort Lauderdale, FL",P,,,,,,,,,,10,10,156
Auto-Owners Insurance Group,"Lansing, MI",,,,,,,,,,,0,0,425
AutoZone Inc.,"Memphis, TN",P,P,,,,,,,,,20,10,307
Avaya Inc.,"Santa Clara, CA",F,F,F,F,F,,,F,P,,70,75,581
Avery Dennison,"Glendale, CA",P,,,,,,,,,,10,10,427
Avis Budget Group Inc.,"Parsippany, NJ",F,F,F,F,F,F,F,F,P,,95,75,336
Avnet Inc.,"Phoenix, AZ",F,F,F,F,F,F,F,P,,,80,80,108
Avon Products Inc.,"New York, NY",F,F,F,F,F,F,F,F,F,,100,100,322
AXA,"New York, NY",F,F,F,F,F,F,F,F,F,,100,100,
B J‰Ûªs Wholesale Club,"Westborough, MA",F,F,F,F,F,F,F,F,F,,100,25,
BAE Systems Inc.,"Arlington, VA",F,F,F,F,F,F,F,F,F,,100,85,
Bain & Co. Inc./ Bridgespan Group,"Boston, MA",F,F,F,F,F,F,F,F,F,,100,100,
Baker & Hostetler LLP,"Cleveland, OH",F,F,F,F,F,F,F,F,P,,95,85,
Baker & McKenzie LLP,"Chicago, IL",F,F,F,F,F,F,F,F,F,,100,100,
Baker Botts LLP,"Houston, TX",F,F,F,F,F,,F,F,P,,85,85,
Baker Hughes Inc.,"Houston, TX",P,P,,,,,,,,,20,10,119
"Baker, Donelson, Bearman, Caldwell & Berkowitz PC","Memphis, TN",F,F,F,F,F,F,F,F,F,,100,100,
Baldor Electric Co.,"Fort Smith, AR",P,,F,,P,,,,P,,25,25,
Ball Corp.,"Broomfield, CO",F,F,F,F,F,F,F,F,F,,100,100,332
Ballard Spahr LLP,"Philadelphia, PA",F,F,F,F,F,F,F,F,P,,95,85,
Bank of America Corp.,"Charlotte, NC",F,F,F,F,F,F,F,F,F,D,75,100,23
"Bank of New York Mellon Corp., The","New York, NY",F,F,F,F,F,F,F,F,F,,100,100,189
Bank of the West,"San Francisco, CA",F,F,F,F,F,,F,F,P,,85,,
Barclays,"New York, NY",F,F,F,F,F,F,F,F,F,,100,100,
Barilla America Inc.,"Northbrook, IL",F,F,F,F,F,F,F,F,F,,100,100,
Barnes & Noble Inc.,"New York, NY",F,F,F,F,F,F,F,F,F,,100,100,423
Barnes & Thornburg LLP,"Indianapolis, IN",F,F,,F,F,F,F,F,P,,90,,
BASF Corp.,"Florham Park, NJ",F,F,F,F,F,F,F,F,F,,100,100,
Baxter International Inc.,"Deerfield, IL",F,F,F,F,F,F,F,F,F,,100,100,185
Bayer Corp.,"Whippany , NJ",F,F,F,F,F,F,,F,F,,90,75,
BB&T Corp.,"Winston-Salem, NC",F,F,F,F,F,F,F,F,F,,100,80,292
"Becton, Dickinson and Co.","Franklin Lakes, NJ",F,F,F,F,F,,,P,P,,65,65,338
Bed Bath & Beyond Inc.,"Union, NJ",P,P,,,,,,,,,20,20,260
Ben & Jerry‰Ûªs Homemade Inc.,"South Burlington, VT",F,F,F,F,F,F,F,F,F,,100,100,
Berkshire Hathaway Inc.,"Omaha, NE",P,P,,,,,,,,,20,0,4
Best Buy Co. Inc.,"Richfield, MN",F,F,F,F,F,F,F,F,F,,100,100,72
Big Lots,"Columbus, OH",F,F,,F,F,,,P,P,,65,20,501
Biogen,"Cambridge, MA",F,F,F,F,F,F,F,F,F,,100,100,298
Black & Veatch Holding Inc.,"Overland Park, KS",F,F,F,F,F,,F,F,P,,85,80,
BlackRock,"New York, NY",F,F,F,F,F,F,F,F,F,,100,100,267
Blank Rome LLP,"Philadelphia, PA",F,F,F,F,F,F,F,F,F,,100,100,
Bloomberg LP,"New York, NY",F,F,F,F,F,F,F,F,F,,100,,
Bloomin‰Ûª Brands Inc.,"Tampa, FL",F,F,,F,F,,F,P,,,65,65,580
Blue Cross & Blue Shield of Rhode Island,"Providence, RI",F,F,F,F,F,F,F,F,F,,100,100,
Blue Cross Blue Shield of Florida Inc.,"Jacksonville, FL",F,F,F,F,F,F,F,F,F,,100,100,
Blue Cross Blue Shield of Massachusetts,"Boston, MA",F,F,F,F,F,F,F,F,F,,100,100,
Blue Cross Blue Shield of Michigan,"Detroit, MI",F,F,F,F,F,F,F,F,P,,95,95,
Blue Cross Blue Shield of Minnesota,"Eagan, MN",F,F,F,F,F,F,F,F,F,,100,95,
Blue Cross Blue Shield of North Carolina,"Durham, NC",F,F,F,F,F,F,F,F,F,D,75,100,
Blue Shield of California,"San Francisco, CA",F,F,F,F,F,F,F,F,F,,100,,
BMC HealthNet Plan,"Boston, MA",F,F,F,F,F,,,F,P,,75,60,
BMC Software Inc.,"Houston, TX",F,F,F,F,F,F,,P,P,,80,70,
BMO Bankcorp Inc.,"Chicago, IL",F,F,,F,F,F,F,F,P,,90,90,
BNP Paribas,"New York, NY",F,F,F,F,F,F,F,F,F,,100,100,
Bob Evans Farms Inc.,"New Albany, OH",F,F,F,F,F,,F,F,F,,90,90,
Boehringer Ingelheim USA Corp.,"Ridgefield, CT",F,F,F,F,F,F,F,F,F,,100,100,
Boeing Co.,"Chicago, IL",F,F,F,F,F,F,F,F,F,,100,100,27
"Boies, Schiller & Flexner LLP","New York, NY",F,F,F,F,F,F,F,F,F,,100,100,
Bon-Ton Stores Inc.,"York, PA",F,F,F,F,F,,F,F,P,,85,85,788
Booz Allen Hamilton Inc.,"McLean, VA",F,F,F,F,F,F,F,F,F,,100,100,475
Borgata Hotel Casino & Spa,"Atlantic City, NJ",F,F,F,F,F,F,F,F,F,,100,100,
BorgWarner Inc.,"Auburn Hills, MI",P,P,,F,F,,,,,,40,20,347
Boston Consulting Group,"Boston, MA",F,F,F,F,F,F,F,F,F,,100,100,
Boston Scientific Corp.,"Marlborough, MA",F,F,F,F,F,F,F,F,F,,100,100,378
BP America Inc.,"Houston, TX",F,F,F,F,F,,F,F,P,,85,85,
Bracewell & Giuliani,"Houston, TX",F,F,F,F,F,,F,F,P,,85,85,
Bridgestone Americas Holding Inc.,"Nashville, TN",F,F,F,F,F,,F,F,P,,80,70,
Bright Horizons Family Solutions Inc.,"Watertown, MA",F,F,F,F,F,F,F,F,F,,100,85,
Brinker International Inc.,"Dallas, TX",F,F,F,F,F,F,,F,P,,80,55,777
Bristol-Myers Squibb Co.,"New York, NY",F,F,F,F,F,F,F,F,F,,100,100,195
Broadcom Corp.,"Irvine, CA",P,P,,,,,,,,,20,15,340
Broadridge Financial Solutions Inc.,"Lake Success, NY",F,F,F,F,F,F,F,F,F,,100,100,849
Brooks Brothers Group Inc.,"New York, NY",F,F,F,F,F,,F,F,F,,90,70,
Brown Brothers Harriman & Co.,"New York, NY",F,F,F,F,F,,F,F,F,,90,85,
Brown Rudnick LLP,"Boston, MA",F,F,F,F,F,F,F,F,F,,100,100,
Brown-Forman Corp.,"Louisville, KY",F,F,F,F,F,F,F,F,F,,100,100,756
Bryan Cave LLP,"St. Louis, MO",F,F,F,F,F,F,F,F,F,,100,100,
Buchanan Ingersoll & Rooney PC,"Pittsburgh, PA",F,F,F,F,F,F,F,F,F,,100,,
Buckeye Partners LP,"Houston, TX",P,,,,,,,,,,10,10,406
BuckleySandler LLP,"Washington, DC",F,F,F,F,F,F,F,F,F,,100,100,
Burger King Corp.,"Miami, FL",F,F,F,F,F,,F,F,P,,85,85,
Burlington Northern Santa Fe Corp.,"Fort Worth, TX",P,,F,,,,,,P,,20,20,
Burlington Store Inc.,"Burlington, NJ",F,F,,F,F,,,P,,,55,55,532
C&S Wholesale Grocers Inc.,"Keene, NH",P,,,F,,,,,,,20,20,
C. H. Robinson Worldwide,"Eden Prairie, MN",P,P,,,,,,,,,20,20,225
CA Technologies Inc.,"New York, NY",F,F,F,F,F,F,F,F,F,,100,100,568
"Cadwalader, Wickersham & Taft LLP","New York, NY",F,F,F,F,F,F,F,F,F,,100,100,
Caesars Entertainment Corp.,"Las Vegas, NV",F,F,F,F,F,F,F,F,F,,100,100,328
Caleres,"St. Louis, MO",F,F,F,F,F,F,F,F,F,,100,100,844
Calpine Corp.,"Houston, TX",P,,,F,P,,,P,,,30,30,353
Calumet Specialty Products,"Indianapolis, IN",,,,,,,,,,,0,0,457
Cambia Health Solutions Inc.,"Portland, OR",F,F,F,F,F,F,F,F,F,,100,90,
Campbell Soup Co.,"Camden, NJ",F,F,F,F,F,F,F,F,F,,100,100,342
Canadian Imperial Bank of Commerce,"New York, NY",F,F,F,F,F,,F,F,P,,85,55,
Capgemini US LLC,"New York, NY",F,F,F,F,F,,F,F,F,,90,85,
"Capital Markets Company NV, The","New York, NY",F,F,F,F,F,F,F,F,F,,100,100,
Capital One Financial Corp.,"McLean, VA",F,F,F,F,F,F,F,F,F,,100,100,126
Cardinal Health Inc.,"Dublin, OH",F,F,F,F,F,F,F,F,F,,100,100,26
CareFirst Inc.,"Baltimore, MD",F,F,F,F,F,F,F,F,F,,100,85,
Cargill Inc.,"Wayzata, MN",F,F,F,F,F,F,F,F,F,,100,100,
Caribou Coffee Company Inc.,"Minneapolis, MN",F,F,F,F,F,F,,P,F,,85,50,
Carlson Inc.,"Minnetonka, MN",F,F,F,F,F,F,F,F,P,,95,85,
Carlton Fields Jorden Burt,"Tampa, FL",F,F,F,F,F,F,F,F,F,,100,100,
CarMax Inc.,"Richmond, VA",F,F,F,F,F,F,F,P,F,,95,95,232
Carnival Corp.,"Miami, FL",F,F,F,F,F,F,F,F,F,,100,85,
Casey‰Ûªs General Stores Inc.,"Ankeny, IA",,,,,,,,,,,0,0,382
Caterpillar Inc.,"Peoria, IL",F,F,F,F,F,,F,F,F,,90,90,54
CBRE Inc.,"Los Angeles, CA",F,F,F,F,F,F,F,F,F,,100,100,321
CBS Corp.,"New York, NY",F,F,F,F,F,F,F,F,F,,100,100,212
CDW Corp.,"Vernon Hills, IL",F,F,F,F,F,,F,F,F,,90,90,253
CEB Inc.,"Arlington, VA",F,F,F,F,F,F,F,F,F,,100,100,
Celanese Corp.,"Irving, TX",F,F,F,F,F,,F,F,F,,90,85,395
Celgene Corp.,"Summit, NJ",F,F,F,F,F,,,F,P,,75,70,369
Centene Corp.,"St. Louis, MO",F,F,F,F,F,F,F,F,P,,95,80,186
CenterPoint Energy Inc.,"Houston, TX",P,P,,,,,,,,,20,10,313
CenturyLink Inc.,"Monroe, LA",F,F,F,F,F,,,F,P,,75,75,168
Cerner Corp.,"North Kansas City, MO",F,F,F,F,F,,F,F,P,,85,85,690
CH2M HILL Companies Ltd.,"Englewood, CO",F,F,F,F,F,,F,F,P,,85,85,480
Chadbourne & Parke LLP,"New York, NY",F,F,F,F,F,,F,F,P,,85,85,
Chamberlin Edmonds & Associates Inc.,"Atlanta, GA",P,,,F,P,,,P,,,30,30,
Chapman and Cutler LLP,"Chicago, IL",F,F,F,F,F,F,F,F,F,,100,100,
Charles Schwab & Co. Inc.,"San Francisco, CA",F,F,F,F,F,F,F,F,F,,100,100,435
Charter Communications,"Stamford, CT",F,F,F,F,F,F,F,F,F,,100,10,317
Chesapeake Energy Corp.,"Oklahoma City, OK",F,F,F,F,F,,,P,P,,65,65,142
Chevron Corp.,"San Ramon, CA",F,F,F,F,F,F,F,F,F,,100,100,3
CHG Healthcare Services Inc.,"Salt Lake City, UT",F,F,F,F,F,,F,F,P,,85,85,
Chipotle Mexican Grill Inc.,"Denver, CO",F,F,,F,F,,,P,F,,70,70,611
"Choate, Hall & Stewart LLP","Boston, MA",F,F,F,F,F,F,F,F,F,,100,100,
Choice Hotels International Inc.,"Rockville, MD",F,F,F,F,F,F,F,F,F,,100,100,
CHS Inc.,"Inver Grove Heights, MN",P,P,,,,,,,,,20,20,69
CIGNA Corp.,"Bloomfield, CT",F,F,F,F,F,F,F,F,F,,100,100,90
Cisco Systems Inc.,"San Jose, CA",F,F,F,F,F,F,F,F,F,,100,100,60
CIT Group Inc.,"New York, NY",P,,,,,,,,,,10,10,662
Citigroup Inc.,"New York, NY",F,F,F,F,F,F,F,F,F,,100,100,28
Citrix Systems Inc.,"Fort Lauderdale, FL",F,F,F,F,F,F,F,F,F,,100,,725
Cleary Gottlieb Steen & Hamilton LLP,"New York, NY",F,F,F,F,F,F,F,F,F,,100,100,
Clifford Chance US LLP,"New York, NY",F,F,F,F,F,F,F,F,F,,100,100,
"Clorox Co., The","Oakland, CA",F,F,F,F,F,F,F,F,F,,100,100,469
CME Group Inc.,"Chicago, IL",F,F,F,F,F,F,F,F,P,,95,70,732
CNA Insurance,"Chicago, IL",F,F,F,F,F,F,F,F,F,,100,100,
Coach Inc.,"New York, NY",F,F,F,F,F,F,F,F,F,,100,100,535
"Coca-Cola Co., The","Atlanta, GA",F,F,F,F,F,F,F,F,F,,100,100,63
Cognizant Technology Solutions Corp.,"Teaneck, NJ",P,P,,,,,,,,,20,20,288
Colgate-Palmolive Co.,"New York, NY",F,F,F,F,F,F,F,F,F,,100,95,179
Columbia Pipeline Group,"Houston, TX",F,F,F,F,F,,,F,P,,70,70,
Comcast NBCUniversal,"Philadelphia, PA",F,F,F,F,F,F,F,F,F,,100,100,43
Comerica Inc.,"Dallas, TX",F,F,F,F,F,F,F,F,F,,100,100,828
Commercial Metals,"Irving, TX",P,P,,,,,,,,,20,20,388
Community Health Systems Inc.,"Franklin, TN",P,P,,,,,,,,,20,20,135
Compass Bancshares Inc. (BBVA Compass),"Birmingham, AL",F,F,F,F,F,,F,F,F,,90,90,
Compass Group USA Inc.,"Charlotte, NC",F,F,F,F,F,,F,F,F,,90,50,
Computer Sciences Corp. (CSC),"Falls Church, VA",F,F,F,F,F,,F,F,P,,80,80,229
ConAgra Foods Inc.,"Omaha, NE",F,F,F,F,F,F,F,F,F,,100,100,173
ConocoPhillips,"Houston, TX",F,F,F,F,F,,,F,F,,80,80,51
Consolidated Edison Co.,"New York, NY",F,F,F,F,F,F,F,F,P,,95,90,236
Constellation Brands Inc.,"Victor, NY",F,F,F,F,F,F,,P,P,,80,40,530
Constellation Energy Group Inc.,"Baltimore, MD",F,F,F,F,F,,F,F,P,,80,80,
Consumers Energy,"Jackson, MI",F,F,F,F,F,F,F,F,P,,95,35,383
Convergys Corp.,"Cincinnati, OH",F,F,F,F,F,F,F,F,F,,100,100,783
Con-way Inc.,"Ann Arbor, MI",P,P,,,,,,,,,20,20,456
Cooley LLP,"Palo Alto, CA",F,F,F,F,F,F,F,F,F,,100,100,
Cooper Tire & Rubber Co.,"Findlay, OH",P,,,,P,,,P,,,20,20,688
Corbis Corp.,"Seattle, WA",P,P,,F,P,,,,,,35,35,
CoreLogic,"Santa Ana, CA",P,P,F,F,F,,F,F,P,,70,70,
Core-Mark Holding Company Inc.,"South San Francisco, CA",,,,,,,,,,,0,0,352
Corning Inc.,"Corning, NY",F,F,F,F,F,F,F,F,F,,100,100,297
Costco Wholesale Corp.,"Issaquah, WA",F,F,,F,F,,F,F,,,70,80,18
Covington & Burling LLP,"Washington, DC",F,F,F,F,F,F,F,F,F,,100,100,
Cox Enterprises Inc.,"Atlanta, GA",F,F,F,F,F,,F,F,F,,90,90,
Cracker Barrel Old Country Store Inc.,"Lebanon, TN",F,,,F,F,,,F,P,,55,55,818
Crate and Barrel / CB2,"Northbrook, IL",F,F,F,F,F,F,F,F,F,,100,90,
"Cravath, Swaine & Moore LLP","New York, NY",F,F,F,F,F,F,F,F,P,,95,85,
Credit Suisse USA Inc.,"New York, NY",F,F,F,F,F,F,F,F,F,,100,100,
Crowell & Moring LLP,"Washington, DC",F,F,F,F,F,F,F,F,F,,100,100,
Crown Holdings,"Philadelphia, PA",,,,,,,,,,,0,10,318
CSAA Insurance Group,"Walnut Creek, CA",F,F,F,F,F,F,F,F,F,,100,100,
CST Brands,"San Antonio, TX",P,,,,,,,,,,10,10,277
CSX Corp.,"Jacksonville, FL",F,F,,F,F,F,F,F,F,,95,75,240
Cummins Inc.,"Columbus, IN",F,F,F,F,F,F,F,F,F,,100,100,154
CUNA Mutual Group,"Madison, WI",F,F,F,F,F,F,F,F,F,,100,90,687
CVS Health Corp.,"Woonsocket, RI",F,F,F,F,F,F,F,F,F,,100,100,10
Dana Holding Corp.,"Maumee, OH",F,,F,,,,,P,P,,30,30,410
Danaher Corp.,"Washington, DC",F,F,F,F,F,F,F,F,F,,100,100,147
Daniel J. Edelman Inc.,"New York, NY",F,F,F,F,F,F,F,F,F,,100,,
Darden Restaurants Inc.,"Orlando, FL",F,F,F,F,F,F,F,F,F,,100,100,325
Davis Polk & Wardwell LLP,"New York, NY",F,F,F,F,F,F,F,F,P,,95,95,
Davis Wright Tremaine LLP,"Seattle, WA",F,F,F,F,F,F,F,F,F,,100,100,
DaVita Inc.,"Denver, CO",F,F,F,F,F,F,,P,P,,75,45,231
Day Pitney LLP,"Hartford, CT",F,F,F,F,F,F,F,F,F,,100,90,
Dean Foods Co.,"Dallas, TX",P,P,,F,P,,,P,,,40,40,306
Debevoise & Plimpton LLP,"New York, NY",F,F,F,F,F,F,F,F,F,,100,100,
Dechert LLP,"Philadelphia, PA",F,F,F,F,F,F,F,F,F,,100,100,
Deere & Co.,"Moline, IL",F,F,F,F,F,F,,F,P,,85,75,86
Delek US Holdings,"Brentwood, TN",,,,,,,,,,,0,,345
Delhaize America Inc.,"Salisbury, NC",F,F,F,F,F,F,F,F,F,,100,100,
Dell Inc.,"Round Rock, TX",F,F,F,F,F,F,F,F,F,,100,100,
Deloitte LLP,"New York, NY",F,F,F,F,F,F,F,F,F,,100,100,
Delta Air Lines Inc.,"Atlanta, GA",F,F,F,F,F,F,F,F,F,,100,90,73
Denny‰Ûªs Corp.,"Spartanburg, SC",F,F,F,F,F,,,F,P,,75,75,
Dentons US LLP,"Washington, DC",F,F,F,F,F,F,F,F,F,,100,100,
"Depository Trust & Clearing Corp., The","New York, NY",F,F,F,F,F,F,F,F,F,,100,100,
Deutsche Bank,"New York, NY",F,F,F,F,F,F,F,F,F,,100,100,
Devon Energy Corp.,"Oklahoma City, OK",P,P,,F,F,,,,,,40,20,152
Diageo North America,"Norwalk, CT",F,F,F,F,F,F,F,F,F,,100,100,
Dickinson Wright PLLC,"Detroit, MI",F,F,F,F,F,,F,F,P,,85,,
Dick‰Ûªs Sporting Goods Inc.,"Coraopolis, PA",P,P,,,,,,,,,20,20,393
Dickstein Shapiro LLP,"Washington, DC",F,F,,F,F,F,F,F,P,,90,85,
DigitasLBi,"Boston, MA",F,F,F,F,F,F,F,F,F,,100,100,
Dillard‰Ûªs Inc.,"Little Rock, AR",P,P,,,,,,,,,20,20,400
Discover Financial Services,"Riverwoods, IL",F,F,F,F,F,F,F,F,F,,100,100,303
Discovery Communications Inc.,"Silver Spring, MD",P,P,,,,,,,,,20,20,430
DISH Network Corp.,"Englewood, CO",,,,,,,,,,,0,0,208
DLA Piper,"Baltimore, MD",F,F,F,F,F,F,F,F,F,,100,100,
Dole Food Co. Inc.,"Westlake Village, CA",,,,F,,,,,,,10,10,
Dollar General Corp.,"Goodlettsville, TN",F,F,F,F,F,,F,F,P,,85,85,159
Dollar Tree Stores Inc.,"Chesapeake, VA",P,P,,,,,,,,,20,20,330
Dominion Resources Inc.,"Richmond, VA",P,P,F,F,F,,F,F,P,,70,70,243
Domino‰Ûªs Pizza Inc.,"Ann Arbor, MI",F,F,F,F,F,,F,F,P,,85,75,
Domtar Corp.,"Fort Mill, SC",P,P,,,,,,,,,20,10,470
Dorsey & Whitney LLP,"Minneapolis, MN",F,F,F,F,F,F,F,F,F,,100,100,
Dover Corp.,"Downers Grove, IL",P,,,,,,,,,,10,10,346
"Dow Chemical Co., The","Midland, MI",F,F,F,F,F,F,F,F,F,,100,100,48
DR Horton Inc.,"Fort Worth, TX",P,P,,,,,,,,,20,20,354
Dr Pepper Snapple Group Inc.,"Plano, TX",F,F,,F,F,,,,P,,55,60,437
Drinker Biddle & Reath LLP,"Philadelphia , PA",F,F,F,F,F,F,F,F,P,,95,80,
Dropbox Inc.,"San Francisco, CA",F,F,F,F,F,F,F,F,F,,100,100,
DSW,"Columbus, OH",F,F,F,F,F,,F,F,F,,90,80,866
DTE Energy Co.,"Detroit, MI",F,F,F,,P,F,F,F,P,,80,75,246
Duane Morris LLP,"Philadelphia, PA",F,F,F,F,F,F,F,F,P,,95,85,
Duke Energy Corp.,"Charlotte, NC",F,F,F,F,F,,F,F,F,,90,90,116
"Dun & Bradstreet Corp., The","Short Hills, NJ",F,F,F,F,F,F,F,F,F,,100,20,
Dykema Gossett PLLC,"Detroit, MI",F,F,F,F,F,F,F,F,F,,100,100,
E&J Gallo Winery,"Modesto, CA",F,F,F,F,F,F,F,F,F,,100,100,
E*TRADE Financial Corp.,"New York, NY",F,F,F,F,F,,F,F,P,,80,65,1000
E. I. du Pont de Nemours and Co. (DuPont),"Wilmington, DE",F,F,F,F,F,F,F,F,F,,100,100,87
EarthLink Inc.,"Atlanta, GA",P,P,,F,P,,,P,,,40,40,
Eastern Bank Corp.,"Boston, MA",F,F,F,F,F,F,F,F,F,,100,100,
Eastman Chemical Co.,"Kingsport, TN",F,F,F,F,F,F,F,F,P,,95,20,305
Eastman Kodak Co.,"Rochester, NY",F,F,F,F,F,F,F,F,F,,100,100,966
Eaton Corp.,"Cleveland, OH",F,F,F,F,F,F,F,F,F,,100,100,
eBay Inc.,"San Jose, CA",F,F,F,F,F,F,F,F,F,,100,100,172
Ecolab Inc.,"St. Paul, MN",F,F,F,F,F,F,F,F,F,,100,100,213
Edison International,"Rosemead, CA",P,P,,,,,,,,,20,20,226
Edward Jones,"St. Louis , MO",F,F,F,F,F,F,F,F,F,,100,10,426
Electronic Arts Inc.,"Redwood City, CA",F,F,F,F,F,F,F,F,F,,100,100,671
Eli Lilly & Co.,"Indianapolis, IN",F,F,F,F,F,F,F,F,F,,100,100,151
EMC Corp.,"Hopkinton, MA",F,F,F,F,F,F,F,F,F,,100,100,121
EMCOR Group Inc.,"Norwalk, CT",P,,,,,,,,,,10,10,421
Emerson Electric Co.,"St. Louis, MO",F,F,F,F,F,F,F,P,P,,90,80,120
Emmis Communications Corporation,"Indianapolis, IN",P,,,F,F,,F,F,P,,60,60,
Energy Future Holdings Corp.,"Dallas, TX",P,P,,,,,,,,,20,20,446
Energy Transfer Equity L.P.,"Dallas, TX",P,P,,,,,,,,,20,20,53
Entergy Corp.,"New Orleans, LA",F,F,F,F,F,,F,F,P,,85,85,241
Enterprise Holdings Inc.,"St. Louis, MO",F,F,F,F,F,F,,F,P,,85,75,
Enterprise Products Partners LP,"Houston, TX",,,,,,,,,,,0,10,59
EOG Resources,"Houston, TX",P,,,,,,,,,,10,10,167
Epstein Becker & Green PC,"New York, NY",F,F,F,F,F,,F,F,F,,90,90,
Erie Insurance Group,"Erie, PA",F,F,F,F,F,F,F,F,F,,100,100,436
Ernst & Young LLP,"New York, NY",F,F,F,F,F,F,F,F,F,,100,100,
Essendant Inc.,"Deerfield, IL",P,,,,,,,,,,10,10,489
"EstÌ©e Lauder Companies Inc., The","New York, NY",F,F,F,F,F,F,F,F,F,,100,100,271
Esurance Inc.,"San Francisco, CA",F,F,F,F,F,,F,F,F,,90,90,
Eventbrite Inc.,"San Francisco, CA",F,F,F,F,F,F,,F,P,,85,85,
Eversource Energy,"Springfield, MA",P,P,,,P,,,F,,,35,25,367
Excellus Health Plan Inc.,"Rochester, NY",F,F,F,F,F,F,F,F,F,,100,100,
Exelon Corp.,"Chicago, IL",F,F,F,F,F,F,F,F,F,,100,100,111
Expedia Inc.,"Bellevue, WA",F,F,F,F,F,F,F,F,F,,100,90,458
Expeditors International of Washington Inc.,"Seattle, WA",P,P,,,,,,,,,20,20,413
Express Scripts Holding Company,"St. Louis, MO",F,F,F,F,F,F,F,F,F,,100,90,22
Exxon Mobil Corp.,"Irving, TX",P,P,F,F,F,F,F,F,P,,85,40,2
Facebook Inc.,"Menlo Park, CA",F,F,F,F,F,F,F,F,F,,100,100,242
FactSet Research Systems Inc.,"Norwalk, CT",F,F,F,F,F,F,F,F,F,,100,100,
Faegre Baker Daniels,"Chicago, IL",F,F,F,F,F,F,F,F,F,,100,100,
Farmers Insurance Exchange,"Woodland Hills, CA",,,,,,,,,,,0,,264
FCA US LLC,"Auburn Hills, MI",F,F,F,F,F,F,F,F,F,,100,95,
Federal Home Loan Mortgage Corp. (Freddie Mac),"McLean, VA",F,F,F,F,F,F,F,F,F,,100,100,42
Federal National Mortgage Association (Fannie Mae),"Washington, DC",F,F,F,F,F,F,F,F,F,,100,100,17
Federal Reserve Bank of Atlanta,"Atlanta, GA",F,F,F,F,F,F,F,F,F,,100,100,
Federal Reserve Bank of Boston,"Boston, MA",F,F,F,F,F,F,F,F,F,,100,100,
Federal Reserve Bank of Chicago,"Chicago, IL",F,F,F,F,F,F,F,F,F,,100,90,
Federal Reserve Bank of Cleveland,"Cleveland, OH",F,F,F,F,F,F,F,F,F,,100,100,
Federal Reserve Bank of New York,"New York, NY",F,F,F,F,F,F,,F,F,,90,90,
Federal Reserve Bank of Philadelphia,"Philadelphia, PA",F,F,,F,F,F,,F,,,70,,
Federal Reserve Bank of Richmond,"Richmond, VA",F,F,F,F,F,F,F,F,F,,100,90,
Federal Reserve Bank of San Francisco,"San Francisco, CA",F,F,F,F,F,F,,F,P,,80,,
Federal Reserve Bank of St Louis,"Saint Louis, MO",F,F,F,F,F,F,F,F,F,,100,,
FedEx Corp.,"Memphis, TN",F,F,F,F,F,,F,F,P,,85,85,65
Fenwick & West LLP,"Mountain View, CA",F,F,F,F,F,F,F,F,F,,100,100,
Fidelity National Financial Corp.,"Jacksonville, FL",P,P,,,,,,,,,20,20,314
Fidelity National Information Services Inc.,"Jacksonville, FL",F,F,F,F,F,,F,F,F,,90,10,422
Fifth Third Bancorp,"Cincinnati, OH",F,F,F,F,F,F,F,F,F,,100,100,416
Financial Industry Regulatory Authority Inc.,"Washington, DC",F,F,F,F,F,F,F,F,F,,100,85,
"Finnegan, Henderson, Farabow, Garrett & Dunner LLP","Washington, DC",F,F,F,F,F,F,F,F,F,,100,95,
First American Financial Corp.,"Santa Ana, CA",F,F,F,F,F,F,,F,F,,90,10,554
First Data Corp.,"Atlanta, GA",F,F,F,F,F,F,F,F,F,,100,100,265
First Horizon National Corp.,"Memphis, TN",F,F,F,F,F,,F,F,P,,85,85,
FirstEnergy Corp.,"Akron, OH",P,,,,,,,,,,10,10,206
Fish & Richardson PC,"Boston, MA",F,F,,F,F,F,F,F,P,,90,90,
Fleishman-Hillard Inc.,"St. Louis, MO",F,F,,F,F,,F,F,P,,75,75,
Fluor Corp.,"Irving, TX",F,F,F,F,F,,F,F,P,,85,85,136
FMC Technologies Inc.,"Houston, TX",P,,,F,F,,,,,,30,10,357
Foley & Lardner LLP,"Milwaukee, WI",F,F,F,F,F,F,F,F,F,,100,100,
Foley Hoag LLP,"Boston, MA",F,F,F,F,F,F,F,F,F,,100,100,
Foot Locker Inc.,"New York, NY",P,,,,,,,,,,10,10,384
Ford Motor Co.,"Dearborn, MI",F,F,F,F,F,F,F,F,F,,100,100,9
Fossil Inc.,"Richardson, TX",F,F,F,F,F,F,,,P,,75,60,679
Franklin Resources Inc.,"San Mateo, CA",F,F,F,F,F,F,F,F,F,,100,90,335
Fredrikson & Byron,"Minneapolis, MN",F,F,F,F,F,F,F,F,P,,95,,
Freeport-McMoRan Copper & Gold Inc.,"Phoenix, AZ",,,,,,,,,,,0,0,137
Freescale Semiconductor Inc.,"Austin, TX",F,F,F,F,F,,,F,P,,75,75,
"Fried, Frank, Harris, Shriver & Jacobson LLP","New York, NY",F,F,F,F,F,F,F,F,F,,100,100,
Frost Brown Todd LLC,"Cincinnati, OH",F,F,F,F,F,F,F,F,F,,100,100,
"Galloway, Johnson, Tompkins, Burr & Smith PLC","New Orleans, LA",F,F,F,F,F,,F,F,F,,90,90,
GameStop Corp.,"Grapevine, TX",F,F,F,F,F,F,F,F,F,,100,100,311
Gannett Co. Inc.,"Mclean, VA",F,F,F,F,F,F,F,F,P,,95,,
Gap Inc.,"San Francisco, CA",F,F,F,F,F,F,F,F,F,,100,100,188
Gastronomy Inc.,"Salt Lake City, UT",P,P,F,F,P,,,P,P,,50,50,
Genentech Inc.,"South San Francisco, CA",F,F,F,F,F,F,F,F,F,,100,100,
General Cable Corp.,"Highland Heights, KY",P,,,,,,,,,,10,10,443
General Dynamics Corp.,"Falls Church, VA",F,F,F,F,F,,F,F,F,,90,85,100
General Electric Co.,"Boston, MA",F,F,F,F,F,F,F,F,F,,100,100,8
General Mills Inc.,"Minneapolis, MN",F,F,F,F,F,F,F,F,F,,100,100,171
General Motors Co.,"Detroit, MI",F,F,F,F,F,F,F,F,F,,100,100,6
Genesco Inc.,"Nashville, TN",F,F,F,F,F,,,F,P,,75,,781
Genuine Parts Co.,"Atlanta, GA",,,,,,,,,,,0,20,199
Genworth Financial Inc.,"Richmond, VA",F,F,F,F,F,F,F,F,F,,100,100,304
Giant Eagle Inc.,"Pittsburgh, PA",F,F,F,F,F,,F,F,P,,85,85,
"Gibson, Dunn & Crutcher LLP","Los Angeles, CA",F,F,F,F,F,F,F,F,F,,100,95,
Gilead Sciences Inc.,"Foster City, CA",F,F,F,F,F,F,,F,P,,85,80,118
GlaxoSmithKline LLC,"Research Triangle Park, NC",F,F,F,F,F,F,F,F,F,,100,95,
Global Partners,"Waltham, MA",P,,,,,,,,,,10,10,180
"Goldman Sachs Group Inc., The","New York, NY",F,F,F,F,F,F,F,F,F,,100,100,76
Goodwin Procter LLP,"Boston, MA",F,F,F,F,F,F,F,F,F,,100,100,
Goodyear Tire & Rubber Co.,"Akron, OH",F,F,F,F,F,,,F,F,,80,10,166
Google Inc.,"Mountain View, CA",F,F,F,F,F,F,F,F,F,,100,100,40
Gordon & Rees LLP,"San Francisco, CA",F,F,F,F,F,F,F,F,F,,100,100,
Goulston & Storrs,"Boston, MA",F,F,F,F,F,F,F,F,F,,100,100,
Graham Holdings,"Arlington, VA",,,F,F,F,,,,,,25,20,670
Grant Thornton LLP,"Chicago, IL",F,F,F,F,F,F,F,F,F,,100,85,
Graybar Electric Company Inc.,"St. Louis, MO",P,P,,,,,,,,,20,20,445
Greenberg Traurig LLP,"New York, NY",F,F,F,F,F,F,F,F,F,,100,100,
Group 1 Automotive,"Houston, TX",F,,,F,F,,,,,,35,35,291
Group Health Cooperative,"Seattle, WA",F,F,F,F,F,F,F,F,F,,100,95,
Group Health Permanente,"Seattle, WA",F,F,F,F,F,,F,F,P,,85,75,
Groupon Inc.,"Chicago, IL",F,F,F,F,F,F,F,F,F,,100,100,718
"Guardian Life Insurance Co. of America, The","New York, NY",F,F,F,F,F,F,F,F,F,,100,75,254
H&M Hennes & Mauritz AB,"North Arlington, NJ",F,F,F,F,F,F,,,P,,70,70,
H&R Block Inc.,"Kansas City, MO",F,F,F,F,F,,,P,P,,70,70,751
H.E. Butt Grocery Co.,"San Antonio, TX",P,,,F,,,,F,,,30,30,
Hachette Book Group,"New York, NY",F,F,F,F,F,,,P,P,,70,70,
Halliburton Co.,"Houston, TX",P,,,,,,,,,,10,10,96
Hallmark Cards Inc.,"Kansas City, MO",F,F,F,F,F,F,F,F,F,,100,100,
Hanesbrands Inc.,"Winston-Salem, NC",F,F,F,F,F,F,F,P,P,,90,85,490
Hanover Insurance Group Inc.,"Worcester, MA",F,F,F,F,F,F,F,P,P,,90,90,511
Harley-Davidson Inc.,"Milwaukee, WI",P,,,,,,,,,,10,10,431
Harman International Industries Inc.,"Stamford, CT",,,,,,,,,,,0,,486
Harris Corp.,"Melbourne, FL",F,F,F,F,F,F,F,F,F,,100,100,517
"Hartford Financial Services Group Inc., The","Hartford, CT",F,F,F,F,F,F,F,F,F,,100,100,160
Harvard Pilgrim Health Care Inc.,"Wellesley, MA",F,F,F,F,F,F,F,F,F,,100,100,
Hasbro Inc.,"Pawtucket, RI",F,F,F,F,F,F,F,F,F,,100,90,595
Hawaiian Airlines Inc.,"Honolulu, HI",F,F,F,F,F,,,,P,,65,65,920
Haynes and Boone LLP,"Dallas, TX",F,F,F,F,F,F,F,F,P,,95,80,
HCA - Hospital Corporation of America,"Nashville, TN",F,F,,F,F,F,F,P,F,,90,70,75
HD Supply,"Atlanta, GA",P,P,,,,,,,,,20,20,316
Health Care Service Corp.,"Chicago, IL",F,F,F,F,F,F,F,F,F,,100,95,
Health Net Inc.,"Woodland Hills, CA",P,P,F,F,F,,F,P,P,,65,65,216
HealthSouth Corp.,"Birmingham, AL",F,,F,F,F,,,F,P,,55,,893
Henry Schein Inc.,"Melville, NY",F,F,F,F,F,F,F,F,F,,100,100,287
HERE North America LLC,"Chicago, IL",F,F,F,F,F,F,F,F,F,,100,100,
Herman Miller Inc.,"Zeeland, MI",F,F,F,F,F,F,F,F,F,,100,100,
Herrick Feinstein LLP,"New York, NY",F,F,F,F,F,F,F,F,P,,90,90,
"Hershey Co., The","Hershey, PA",F,F,F,F,F,F,F,F,F,,100,100,376
Hertz Global Holdings Inc.,"Park Ridge, NJ",F,F,F,F,P,,,,P,,55,55,
Hess Corp.,"New York, NY",F,F,F,F,F,,,,P,,65,65,141
Hewlett Packard Enterprise Co.,"Palo Alto, CA",F,F,F,F,F,F,F,F,F,,100,,
Highmark Inc.,"Pittsburgh, PA",F,F,F,F,F,F,F,F,F,,100,,
Hilton Worldwide Inc.,"McLean, VA",F,F,F,F,F,F,F,F,F,,100,100,280
Hinshaw & Culbertson LLP,"Chicago, IL",F,F,F,F,F,F,F,F,F,,100,100,
Hogan Lovells US LLP,"Washington, DC",F,F,F,F,F,F,F,F,F,,100,100,
Holland & Hart LLP,"Denver, CO",P,P,F,F,P,,,F,P,,55,55,
Holland & Knight LLP,"Brandon, FL",F,F,F,F,F,F,F,F,F,,100,100,
HollyFrontier Corp.,"Dallas, TX",P,P,,,,,,,,,20,20,150
"Home Depot Inc., The","Atlanta, GA",F,F,F,F,F,F,F,F,F,,100,100,33
Honda North America Inc.,"Marysville, OH",F,F,F,F,F,F,,F,P,,85,50,
Honeywell International Inc.,"Morris Township, NJ",F,F,F,F,P,,F,F,P,,75,75,74
Horizon Healthcare Services Inc.,"Newark, NJ",P,P,F,F,F,,F,F,P,,70,70,
Hormel Foods Corp.,"Austin, MN",F,F,F,F,F,F,F,F,F,,100,100,310
Hortonworks Inc.,"Santa Clara, CA",F,F,F,F,F,,,F,,,65,,
Host Hotels & Resorts Inc.,"Bethesda, MD",,,,F,,,,,,,10,20,485
Houghton Mifflin Harcourt Publishing Co.,"Boston, MA",F,F,F,F,F,,F,P,P,,80,80,
Howard & Howard Attorneys PLLC,"Kalamazoo, MI",P,,,,P,,,P,,,20,20,
HP Inc.,"Palo Alto, CA",F,F,F,F,F,F,F,F,F,,100,100,19
HRG Group,"New York, NY",P,,,,,,,,,,10,10,447
HSBC USA,"New York, NY",F,F,F,F,F,F,F,F,F,,100,95,
HSN Inc.,"St. Petersburg, FL",F,F,F,F,F,,F,P,F,,85,85,669
Hughes Hubbard & Reed LLP,"New York, NY",F,F,F,F,F,F,F,F,F,,100,100,
Humana Inc.,"Louisville, KY",F,F,F,F,F,F,F,F,F,,100,100,58
Huntington Bancshares Inc.,"Columbus, OH",F,F,F,F,F,F,F,F,F,,100,100,765
Huntington Ingalls Industries,"Newport News, VA",F,F,F,F,F,,F,F,P,,85,10,390
Hunton & Williams LLP,"Washington, DC",F,F,F,F,F,F,F,F,P,,95,95,
Huntsman Corp.,"The Woodlands, TX",F,,F,F,F,,,P,P,,55,35,259
Huron Consulting Group Inc.,"Chicago, IL",F,F,F,F,F,F,F,F,F,,100,100,
Husch Blackwell LLP,"St. Louis, MO",F,F,F,F,F,F,F,F,F,,100,90,
Hyatt Hotels Corp.,"Chicago, IL",F,F,F,F,F,F,F,F,F,,100,100,583
Hyundai Motor America,"Fountain Valley, CA",F,F,F,F,F,F,F,F,F,,100,95,
IAC/InterActiveCorp.,"New York, NY",F,F,F,F,F,F,,P,P,,80,75,733
IBM Corp.,"Armonk, NY",F,F,F,F,F,F,F,F,F,,100,100,24
Icahn Enterprises LP,"New York, NY",P,,,,,,,,,,10,0,155
iHeartMedia Inc.,"San Antonio, TX",F,F,F,F,F,F,F,F,P,,95,55,429
IHS Markit Ltd.,"New York, NY",F,F,F,F,F,F,,F,F,,90,,
IKEA Holding US Inc.,"Conshohocken, PA",F,F,F,F,F,F,F,F,F,,100,100,
Illinois Tool Works Inc.,"Glenview, IL",F,F,F,F,F,,,P,P,,65,60,201
Imation Corp.,"Oakdale, MN",F,F,F,F,P,,,P,P,,60,60,
Infosys Limited Inc.,"Plano, TX",F,F,F,F,F,,,F,P,,70,70,
Ingersoll-Rand Company,"Davidson, NC",F,F,F,F,F,F,F,F,F,,100,90,
Ingram Micro,"Irvine, CA",F,F,F,F,F,,,P,P,,70,75,62
Ingredion Inc.,"Westchester, IL",,,,,,,,,,,0,0,462
Insight Enterprises Inc.,"Tempe, AZ",F,F,F,F,F,,,P,P,,65,60,493
Instacart Inc.,"San Francisco, CA",F,F,F,F,F,F,F,F,P,,95,,
Intel Corp.,"Santa Clara, CA",F,F,F,F,F,F,F,F,F,,100,100,52
InterContinental Hotels Group Americas,"Atlanta, GA",F,F,F,F,F,F,F,F,F,,100,100,
International Paper Co.,"Memphis, TN",P,P,,F,P,,,F,,,45,25,114
Interpublic Group of Companies Inc.,"New York, NY",F,F,F,F,F,F,F,F,F,,100,100,372
INTL FCStone Inc.,"New York, NY",P,,,,,,,,,,10,10,93
Intuit Inc.,"Mountain View, CA",F,F,F,F,F,F,F,F,F,,100,100,572
Invesco Ltd.,"Atlanta, GA",F,F,F,F,F,F,,P,P,,75,65,
ITT Corp.,"White Plains, NY",P,P,F,F,P,,,F,P,,55,55,823
J. B. Hunt Transport Services Inc.,"Lowell, AR",P,P,,,,,,,,,20,0,434
J. M. Smucker Co.,"Orrville, OH",F,F,F,F,F,F,F,P,P,,90,75,467
J.C. Penney Co. Inc.,"Plano, TX",F,F,F,F,F,F,F,F,F,,100,100,250
Jabil Circuit Inc.,"St. Petersburg, FL",P,,,,,,,,,,10,10,191
Jackson Walker LLP,"Dallas, TX",F,,F,F,F,,F,F,P,,70,70,
Jacobs Engineering Group Inc.,"Pasadena, CA",P,P,,F,P,,,,,,35,35,239
Jenner & Block LLP,"Chicago, IL",F,F,F,F,F,F,F,F,F,,100,100,
JetBlue Airways Corp.,"Long Island City, NY",F,F,F,F,F,F,F,F,F,,100,100,454
JLL,"Chicago, IL",F,F,F,F,F,F,F,F,F,,100,100,478
John Hancock Financial Services Inc.,"Boston, MA",F,F,F,F,F,F,F,F,F,,100,100,
Johnson & Johnson,"New Brunswick, NJ",F,F,F,F,F,F,F,F,F,,100,100,37
Johnson Controls Inc.,"Milwaukee, WI",F,F,F,F,F,,,F,P,,75,60,66
JPMorgan Chase & Co.,"New York, NY",F,F,F,F,F,F,F,F,F,,100,100,21
K&L Gates LLP,"Pittsburgh, PA",F,F,F,F,F,F,F,F,F,,100,100,
Kaiser Permanente,"Oakland, CA",F,F,F,F,F,F,F,F,F,,100,100,
Kate Spade & Company,"New York, NY",F,F,F,F,P,,F,F,P,,75,75,
Katten Muchin Rosenman LLP,"Chicago, IL",F,F,F,F,F,F,F,F,F,,100,100,
Kaye Scholer LLP,"New York, NY",F,F,F,F,F,F,F,F,F,,100,90,
KB Home,"Los Angeles, CA",P,P,,F,P,,,,,,35,35,895
KBR Inc.,"Houston, TX",P,P,,,,,,,,,20,20,424
Kelley Drye & Warren LLP,"New York, NY",F,F,F,F,F,F,F,F,P,,95,95,
Kellogg Co.,"Battle Creek, MI",F,F,F,F,F,F,F,F,F,,100,100,210
Kelly Services Inc.,"Troy, MI",F,F,F,F,F,F,F,P,F,,95,95,471
Kenneth Cole Productions Inc.,"New York, NY",F,F,F,F,F,,F,F,P,,80,85,
Kenyon & Kenyon,"New York, NY",F,F,,F,F,,F,F,P,,80,80,
Keurig Green Mountain,"Waterbury, VT",F,F,F,F,F,F,F,P,F,,95,95,549
KeyCorp,"Cleveland, OH",F,F,F,F,F,F,F,F,F,,100,100,592
Kilpatrick Townsend & Stockton LLP,"Atlanta, GA",F,F,F,F,F,F,F,F,F,,100,100,
Kimberly-Clark Corp.,"Irving, TX",F,F,F,F,F,F,F,F,F,,100,90,140
Kimpton Hotel & Restaurant Group LLC,"San Francisco, CA",F,F,F,F,F,F,F,F,F,,100,100,
Kinder Morgan Inc.,"Houston, TX",P,P,,,,,,,,,20,20,193
Kindred Healthcare Inc.,"Louisville, KY",P,P,,,,,,,,,20,10,491
King & Spalding LLP,"Atlanta, GA",F,F,F,F,F,F,F,F,F,,100,100,
Kirkland & Ellis LLP,"Chicago, IL",F,F,F,F,F,F,F,F,F,,100,100,
KKR & Co. LP,"New York, NY",F,F,F,F,F,F,F,F,F,,100,90,356
KLA-Tencor Corp.,"Milpitas, CA",P,,,F,,,,P,,,25,25,769
Kohl‰Ûªs Corp.,"Menomonee Falls, WI",F,F,F,F,F,F,F,F,P,,95,60,157
KPMG LLP,"New York, NY",F,F,F,F,F,F,F,F,F,,100,100,
"Kraft Heinz Company, The","Pittsburgh, PA",F,F,F,F,F,F,,F,P,,80,,
Kramer Levin Naftalis & Frankel LLP,"New York, NY",F,F,F,F,F,F,F,F,F,,100,100,
"Kroger Co., The","Cincinnati, OH",F,F,F,F,F,F,F,F,P,,95,95,20
Kutak Rock LLP,"Omaha, NE",F,F,F,F,F,F,F,F,F,,100,80,
L Brands Inc.,"Columbus, OH",F,F,F,F,F,F,F,F,P,,95,95,262
L.L. Bean Inc.,"Freeport, ME",F,F,,F,P,,F,P,,,60,60,
L-3 Communications Holdings,"New York, NY",P,P,,F,F,,,,,,40,20,252
Laboratory Corporation of America Holdings,"Burlington, NC",P,P,,,,,,,,,20,20,440
"Laclede Group Inc., The","St. Louis, MO",F,F,F,F,F,,F,P,P,,80,80,
Land O‰ÛªLakes Inc.,"Arden Hills, MN",F,F,F,F,F,F,F,F,F,,100,100,203
Lane Powell PC,"Seattle, WA",F,F,F,F,F,F,F,F,F,,100,85,
Lansing Trade Group,"Overland Park, KS",,,,,,,,,,,0,,411
Las Vegas Sands Corp.,"Las Vegas, NV",P,,,,,,,,,,10,10,209
Latham & Watkins LLP,"New York, NY",F,F,F,F,F,F,F,F,F,,100,100,
Lear Corp.,"Southfield, MI",F,F,F,F,F,F,F,F,F,,100,85,174
LeClairRyan,"Richmond, VA",F,F,,F,F,F,,F,P,,80,50,
Legg Mason Inc.,"Baltimore, MD",F,F,F,F,F,F,F,F,P,,95,10,808
Lend Lease Americas Inc.,"New York, NY",F,F,F,F,F,F,F,F,F,,100,75,
Lennar Corp.,"Miami, FL",P,P,,,,,,,,,20,20,364
LENOVO (UNITED STATES) INC.,"Morrisville, NC",F,F,F,F,F,F,F,F,F,,100,,
Leo Burnett Company Inc.,"Chicago, IL",F,F,F,F,F,F,F,F,F,,100,100,
Leucadia National Corporation,"New York, NY",,,,,,,,,,,0,0,244
Level 3 Communications Inc.,"Broomfield, CO",F,F,F,F,F,F,F,F,F,,100,100,401
Levi Strauss & Co.,"San Francisco, CA",F,F,F,F,F,F,F,F,F,,100,100,541
LexisNexis Group,"New York, NY",F,F,F,F,F,F,,F,P,,85,85,
Lexmark International Inc.,"Lexington, KY",F,F,F,F,F,F,F,F,F,,100,100,656
Liberty Interactive Corp.,"Englewood, CO",,,,,,,,,,,0,0,263
Liberty Mutual Group,"Boston, MA",F,F,F,F,F,F,F,F,P,,95,85,78
LifePoint Health Inc.,"Brentwood, TN",,,,,,,,,,,0,,495
Lincoln National Corp.,"Radnor, PA",F,F,F,F,F,F,F,F,F,,100,100,223
Lindquist & Vennum LLP,"Minneapolis, MN",F,F,F,F,F,F,F,F,F,,100,100,
LinkedIn,"Mountain View, CA",F,F,F,F,F,F,F,F,F,,100,,945
"Lithia Motors, Inc.","Medford, OR",,,,,,,,,,,0,,482
Littler Mendelson PC,"San Francisco, CA",F,F,F,F,F,F,F,F,F,,100,100,
Live Nation Inc.,"Beverly Hills, CA",F,F,F,F,F,,,F,P,,75,75,392
LKQ Corp.,"Chicago, IL",,,,,,,,,,,0,0,403
Locke Lord LLP,"Dallas, TX",F,F,F,F,F,F,F,F,F,,100,95,
Lockheed Martin Corp.,"Bethesda, MD",F,F,F,F,F,F,F,F,F,,100,100,64
Loeb & Loeb LLP,"Los Angeles, CA",P,P,,F,F,,,F,,,50,55,
Loews Corp.,"New York, NY",F,F,F,F,F,,,P,F,,75,25,211
L‰ÛªOrÌ©al USA Inc.,"New York, NY",F,F,F,F,F,,F,F,P,,85,85,
Lowenstein Sandler LLP,"New York, NY",F,F,F,F,F,F,F,F,F,,100,,
Lowe‰Ûªs Companies Inc.,"Mooresville, NC",P,P,,F,F,,,,,,40,20,50
LPL Financial Holdings Inc.,"Boston, MA",F,F,F,F,F,F,F,F,F,,100,95,
Lubrizol Corp.,"Wickliffe, OH",F,F,F,F,F,,F,F,P,,85,80,
M&T Bank Corp.,"Buffalo, NY",F,F,F,F,F,F,F,F,P,,95,95,545
Macy‰Ûªs Inc.,"Cincinnati, OH",F,F,F,F,F,F,F,F,F,,100,100,105
Mallinckrodt LLC,"Hazelwood, MO",F,F,F,F,F,F,F,F,F,,100,,
"Manatt, Phelps & Phillips LLP","Los Angeles, CA",F,F,F,F,F,,F,F,F,,90,90,
ManpowerGroup,"Milwaukee, WI",F,F,F,F,F,F,F,F,F,,100,100,144
Marathon Oil Corp.,"Houston, TX",F,F,F,F,F,,F,F,P,,85,85,227
Marathon Petroleum Corp.,"Findlay, OH",F,F,F,F,F,,,F,P,,75,55,25
Marriott International Inc.,"Bethesda, MD",F,F,F,F,F,F,F,F,F,,100,100,221
Mars Inc.,"Mt. Olive, NJ",F,F,F,F,F,F,,F,F,,90,80,
Marsh & McLennan Companies Inc.,"New York, NY",F,F,F,F,F,F,F,F,F,,100,100,235
Masco Corp.,"Taylor, MI",P,,,,,,,,,,10,10,334
Massachusetts Mutual Life Insurance Co.,"Springfield, MA",F,F,F,F,F,F,F,F,F,,100,100,94
MasterCard Inc.,"Purchase, NY",F,F,F,F,F,F,F,F,F,,100,100,308
Mattel Inc.,"El Segundo, CA",F,F,F,F,F,F,F,F,F,,100,100,439
Mayer Brown LLP,"Chicago, IL",F,F,F,F,F,F,F,F,F,,100,100,
McCarter & English LLP,"Newark, NJ",F,F,F,F,F,,F,F,P,,85,85,
McCormick & Company Inc.,"Sparks, MD",F,F,F,F,F,F,,F,P,,80,70,598
McDermott Will & Emery LLP,"Chicago, IL",F,F,F,F,F,F,F,F,F,,100,100,
McDonald‰Ûªs Corp.,"Oak Brook, IL",F,F,F,F,F,F,F,F,F,,100,100,110
"McGraw-Hill Global Education Holdings, LLC","New York, NY",F,F,F,F,F,F,,F,F,,90,,
McGuireWoods LLP,"Richmond, VA",F,F,F,F,F,,F,F,P,,85,85,
McKesson Corp.,"San Francisco, CA",F,F,F,F,F,F,F,F,F,,100,100,11
McKinsey & Co. Inc.,"New York, NY",F,F,F,F,F,F,F,F,F,,100,100,
Mediavest | Spark,"New York, NY",F,F,F,F,F,F,F,F,F,,100,,
Medtronic PLC,"Minneapolis, MN",F,F,F,F,F,F,F,F,F,,100,100,
Meijer Inc.,"Grand Rapids, MI",F,F,F,F,F,F,F,F,P,,95,85,
Merck & Co. Inc.,"Kenilworth, NJ",F,F,F,F,F,F,F,F,F,,100,100,71
Mesirow Financial Holdings Inc.,"Chicago, IL",F,F,F,F,F,,,F,F,,80,,
MetLife Inc.,"New York, NY",F,F,F,F,F,F,F,F,F,,100,100,39
MGM Resorts International,"Las Vegas, NV",F,F,F,F,F,F,F,F,F,,100,100,289
Michael Best & Friedrich LLP,"Milwaukee, WI",F,F,F,F,F,F,F,F,F,,100,90,
Micron Technology Inc.,"Boise, ID",P,P,,F,F,,,,,,40,20,190
Microsoft Corp.,"Redmond, WA",F,F,F,F,F,F,F,F,F,,100,100,31
"Milbank, Tweed, Hadley & McCloy LLP","New York, NY",F,F,F,F,F,F,F,F,F,,100,100,
MillerCoors LLC,"Chicago, IL",F,F,F,F,F,F,F,F,F,,100,100,
"Mintz, Levin, Cohn, Ferris, Glovsky & Popeo PC","Boston, MA",F,F,F,F,F,F,F,F,F,,100,100,
Mitchell Gold + Bob Williams,"Taylorsville, NC",F,F,F,F,F,F,F,F,F,,100,100,
Mohawk Industries Inc.,"Calhoun, GA",P,P,,F,P,,,,,,35,15,362
Molina Healthcare Inc.,"Long Beach, CA",F,F,F,F,F,,,P,,,60,60,301
Mondelez International Inc.,"East Hanover, NJ",F,F,F,F,F,F,F,F,F,,100,100,91
Monsanto Co.,"St. Louis, MO",F,F,F,F,F,F,F,F,F,,100,100,197
Moody‰Ûªs Corp.,"New York, NY",F,F,F,F,F,F,F,F,F,,100,100,699
Moore & Van Allen PLLC,"Charlotte, NC",F,F,F,F,F,F,F,F,F,,100,85,
Morgan Stanley,"New York, NY",F,F,F,F,F,F,F,F,F,,100,100,82
"Morgan, Lewis & Bockius LLP","Philadelphia, PA",F,F,F,F,F,F,F,F,F,,100,100,
Morningstar Inc.,"Chicago, IL",F,F,F,F,F,F,,F,F,,90,85,
"Morris, Manning & Martin LLP","Atlanta, GA",F,F,F,F,F,,,F,F,,80,,
Morrison & Foerster LLP,"San Francisco, CA",F,F,F,F,F,F,F,F,F,,100,100,
Mosaic Co.,"Plymouth, MN",F,F,F,F,F,F,,P,F,,85,85,320
Motorola Solutions Inc.,"Schaumburg, IL",F,F,,F,F,,F,F,P,,75,80,363
MRC Global,"Houston, TX",P,,,,,,,,,,10,10,448
MSLGROUP Americas,"New York, NY",F,F,F,F,F,F,F,F,F,,100,100,
"Munger, Tolles & Olson LLP","Los Angeles, CA",F,F,F,F,F,F,F,F,F,,100,100,
Murphy Oil,"El Dorado, AR",P,,,,,,,,,,10,10,350
Murphy USA,"El Dorado, AR",,,,,,,,,,,0,0,202
Mutual of Omaha Insurance,"Omaha, NE",F,F,F,F,F,F,F,F,P,,95,70,391
"NASDAQ OMX Group Inc., The","New York, NY",F,F,F,F,F,,,F,P,,75,85,680
National Grid USA,"Waltham, MA",F,F,F,F,F,F,F,F,F,,100,80,
National Oilwell Varco Inc.,"Houston, TX",P,,,,,,,,,,10,10,127
Nationwide,"Columbus, OH",F,F,F,F,F,F,F,F,F,,100,100,85
Navient,"Wilmington, DE",F,F,F,F,F,F,F,P,P,,90,,463
Navigant Consulting Inc.,"Chicago, IL",F,F,F,F,F,F,F,F,F,,100,100,
Navistar International Corp.,"Lisle, IL",P,P,,,,,,F,,,30,30,276
NCR Corp.,"Duluth, GA",F,F,F,F,F,F,F,F,F,,100,100,412
Nelson Mullins Riley & Scarborough LLP,"Columbia, SC",F,F,F,F,F,,F,F,P,,85,85,
NestlÌ© Purina PetCare Co.,"St. Louis, MO",F,F,F,F,F,F,F,F,F,,100,100,
NestlÌ© USA Inc.,"Glendale, CA",F,F,F,F,F,F,F,F,P,,90,20,
NetApp Inc.,"Sunnyvale, CA",F,F,F,F,F,F,F,F,P,,95,95,428
Netflix Inc.,"Los Gatos, CA",F,F,F,F,F,F,F,F,F,,100,90,474
New York Life Insurance Co.,"New York, NY",F,F,F,F,F,F,F,F,F,,100,100,80
New York Times Co.,"New York, NY",F,F,F,F,F,,F,F,P,,85,85,
Newmont Mining Corporation,"Greenwood Village, CO",F,F,F,F,F,F,F,F,F,,100,80,379
News Corp.,"New York, NY",,,,,,,,,,,0,,331
NextEra Energy Inc.,"Juno Beach, FL",P,P,F,F,F,,F,F,P,,70,60,183
NGL Energy Partners,"Tulsa, OK",P,P,,,,,,,,,20,,299
Nielsen,"New York City, NY",F,F,F,F,F,F,F,F,F,,100,100,
Nike Inc.,"Beaverton, OR",F,F,F,F,F,F,F,F,F,,100,100,106
NiSource Inc.,"Merrillville, IN",F,F,F,F,F,,,F,P,,75,75,418
Nissan North America Inc.,"Franklin, TN",F,F,F,F,F,F,F,F,F,,100,100,
Nixon Peabody LLP,"Boston, MA",F,F,F,F,F,F,F,F,F,,100,100,
Nordstrom Inc.,"Seattle, WA",F,F,F,F,F,F,F,F,F,,100,100,224
Norfolk Southern Corp.,"Norfolk, VA",F,F,F,F,F,,F,F,P,,80,45,256
Nortel Networks Corp.,"Richardson, TX",P,,F,F,P,,,F,P,,45,45,
Northern Trust Corp.,"Chicago, IL",F,F,F,F,F,F,F,F,F,,100,100,571
Northrop Grumman Corp.,"Falls Church, VA",F,F,F,F,F,F,F,F,F,,100,100,124
Northwestern Mutual Life Insurance,"Milwaukee, WI",F,F,F,F,F,F,F,F,F,,100,100,109
Norton Rose Fulbright,"Houston, TX",F,F,F,F,F,F,F,F,F,,100,100,
Novartis Pharmaceuticals Corp.,"East Hanover, NJ",F,F,F,F,F,F,F,F,F,,100,100,
Novo Nordisk Inc.,"Plainsboro, NJ",F,F,F,F,F,,F,F,F,,90,,
NRG Energy Inc.,"Princeton, NJ",F,F,,F,F,,F,P,P,,70,65,196
Nucor Corp.,"Charlotte, NC",P,,,,,,,,,,10,10,139
NVIDIA Corp.,"Santa Clara, CA",F,F,F,F,F,F,F,F,F,,100,100,553
NYSE Euronext Inc.,"New York, NY",P,,F,F,F,,,F,P,,55,40,
Occidental Petroleum,"Los Angeles, CA",P,P,,,,,,,,,20,20,115
Ocean Spray Cranberries Inc.,"Lakeville-Middleboro, MA",F,F,F,F,F,F,,F,P,,85,,
Office Depot Inc.,"Boca Raton, FL",F,F,F,F,F,F,F,F,F,,100,100,194
"Ogilvy Group Inc., The","New York, NY",F,F,F,F,F,F,F,F,F,,100,100,
"Ogletree, Deakins, Nash, Smoak & Stewart","Greenville, SC",F,F,F,F,F,F,F,F,F,,100,85,
Old Republic International,"Chicago, IL",,,,,,,,,,,0,0,472
O‰ÛªMelveny & Myers LLP,"Los Angeles, CA",F,F,F,F,F,F,F,F,F,,100,100,
Omnicare,"Cincinnati, OH",P,P,,,,,,,,,20,20,414
Omnicom Group,"New York, NY",F,F,F,F,F,F,F,F,F,,100,85,200
ONE Gas Inc.,"Tulsa, OK",F,F,F,F,F,,,P,P,,70,70,
ONEOK Inc.,"Tulsa, OK",F,F,F,F,F,,F,F,P,,85,85,237
OppenheimerFunds Inc.,"New York, NY",F,F,F,F,F,F,F,F,F,,100,60,
Optimedia International US Inc.,"New York, NY",F,F,F,F,F,F,F,F,F,,100,,
Oracle Corp.,"Redwood City, CA",F,F,F,F,F,F,F,F,F,,100,100,81
"Orbital ATK, Inc.","Dulles, VA",P,P,,F,P,,,,,,35,35,539
O‰ÛªReilly Automotive Inc.,"Springfield, MO",P,,,,,,,,,,10,10,381
"Orrick, Herrington & Sutcliffe LLP","San Francisco, CA",F,F,F,F,F,F,F,F,F,,100,100,
Oshkosh Corp.,"Oshkosh, WI",P,P,,,,,,,,,20,10,394
Outerwall Inc.,"Bellevue, WA",F,F,F,F,F,F,F,F,F,,100,100,924
Overstock.com Inc.,"Salt Lake City, UT",F,F,F,F,F,,,F,F,,80,80,
Owens & Minor Inc.,"Mechanicsville, VA",F,F,F,F,F,,F,F,P,,80,85,309
Owens Corning,"Toledo, OH",F,F,F,F,F,F,F,F,F,,100,100,498
Owens-Illinois Inc.,"Perrysburg, OH",P,P,,,,,,,,,20,10,399
Paccar Inc.,"Bellevue, WA",P,P,,,,,,,,,20,20,158
Pacific Investment Management Co. LLC,"Newport Beach, CA",F,F,F,F,F,F,F,F,F,,100,,
Pacific Life Insurance Co.,"Newport Beach, CA",F,F,F,F,F,,F,P,P,,80,70,387
Pacific Medical Centers,"Seattle, WA",F,,F,F,F,,F,P,P,,60,60,
Packaging Corporation of America,"Lake Forest, IL",,,,,,,,,,,0,,451
Palm Management Corp.,"Washington, DC",F,,F,F,P,,F,P,P,,55,55,
Pandora Media Inc.,"Oakland, CA",F,F,F,F,F,F,F,F,F,,100,,
Parker Hannifin Corp.,"Cleveland, OH",P,P,,,,,,,,,20,20,230
Patterson Belknap Webb & Tyler LLP,"New York, NY",F,F,F,F,F,F,F,F,F,,100,100,
Patterson Companies (Patterson Dental Supply),"St. Paul, MN",F,F,F,F,F,,,P,,,60,40,617
Patton Boggs LLP,"Washington, DC",F,F,F,F,F,,F,F,P,,85,85,
Paul Hastings LLP,"Los Angeles, CA",F,F,F,F,F,F,F,F,F,,100,100,
"Paul, Weiss, Rifkind, Wharton & Garrison LLP","New York, NY",F,F,F,F,F,F,F,F,F,,100,100,
PayPal Holdings Inc.,"San Jose, CA",F,F,F,F,F,F,F,F,F,,100,100,
PBF Energy,"Parsippany, NJ",,,,,,,,,,,0,0,149
Peabody Energy Corp.,"St. Louis, MO",P,,,,,,,,,,10,10,398
Pearson Inc.,"Hoboken, NJ",F,F,F,F,F,F,F,F,F,,100,100,
Penske Automotive Group Inc.,"Bloomfield Hills, MI",,,,,,,,,,,0,0,177
"Pep Boys-Manny, Moe & Jack","Philadelphia, PA",P,P,,F,F,,,P,,,45,45,989
Pepco Holdings Inc.,"Washington, DC",F,F,F,F,F,,F,F,P,,85,80,527
Pepper Hamilton LLP,"Philadelphia, PA",F,F,F,F,F,F,F,F,F,,100,100,
PepsiCo Inc.,"Purchase, NY",F,F,F,F,F,F,F,F,F,,100,100,44
Perkins + Will Inc.,"Chicago, IL",P,,,F,P,,,F,,,35,35,
Perkins Coie LLP,"Seattle, WA",F,F,F,F,F,F,F,F,F,,100,100,
Pernod Ricard USA LLC,"New York, NY",F,F,F,F,F,F,F,F,F,,100,85,
Peter Kiewit Sons‰Ûª Inc.,"Omaha, NE",P,P,,,,,,,,,20,10,286
PetSmart Inc.,"Phoenix, AZ",F,F,F,F,F,F,F,F,F,,100,75,386
Pfizer Inc.,"New York, NY",F,F,F,F,F,F,F,F,F,,100,100,56
PG&E Corp.,"San Francisco, CA",F,F,F,F,F,F,F,F,F,,100,100,182
Philip Morris International Inc.,"New York, NY",P,,,,,,,,,,10,10,102
Phillips 66,"Houston, TX",F,F,F,F,F,,,F,P,,75,20,7
Pillsbury Winthrop Shaw Pittman LLP,"New York, NY",F,F,F,F,F,F,F,F,F,,100,100,
Pinnacle West Capital,"Phoenix, AZ",F,F,F,F,F,F,,F,F,,90,50,683
Pioneer Natural Resources Company,"Irving, TX",,,,,,,,,,,0,,496
Pitney Bowes Inc.,"Stamford, CT",P,P,F,F,F,F,F,,P,,70,70,636
Plains GP Holdings,"Houston, TX",,,,,,,,,,,0,0,67
"PNC Financial Services Group Inc., The","Pittsburgh, PA",F,F,F,F,F,F,F,F,F,,100,100,192
PNM Resources Inc.,"Albuquerque, NM",F,F,F,F,F,,,P,P,,65,65,
Polsinelli,"Kansas City, MO",F,F,F,F,F,,F,F,P,,85,85,
Portland General Electric Co.,"Portland, OR",F,F,F,F,F,F,F,F,F,,100,100,
PPG Industries Inc.,"Pittsburgh, PA",F,F,F,F,F,,,F,P,,75,75,198
PPL Corp.,"Allentown, PA",F,F,F,F,F,F,F,F,F,,100,95,257
Praxair Inc.,"Danbury, CT",F,F,F,F,F,F,F,F,F,,100,95,249
Precision Castparts Corp.,"Portland, OR",P,P,,,,,,,,,20,20,302
priceline.com LLC,"Norwalk, CT",F,F,F,F,F,F,,P,P,,80,70,339
PricewaterhouseCoopers LLP,"New York, NY",F,F,F,F,F,F,F,F,F,,100,100,
Principal Financial Group,"Des Moines, IA",F,F,F,F,F,F,F,F,F,,100,100,282
Procter & Gamble Co.,"Cincinnati, OH",F,F,F,F,F,F,F,F,F,,100,100,32
"Progressive Corp., The","Mayfield Village, OH",F,F,,F,F,F,F,F,P,,90,90,153
Proskauer Rose LLP,"New York, NY",F,F,F,F,F,,F,F,P,,85,85,
Prudential Financial Inc.,"Newark, NJ",F,F,F,F,F,F,F,F,F,,100,100,55
Public Service Enterprise Group,"Newark, NJ",F,F,F,F,F,,F,F,F,,90,80,274
Publicis Healthcare Communications,"New York, NY",F,F,F,F,F,F,F,F,F,,100,90,
Publicis Inc.,"New York, NY",F,F,F,F,F,F,F,F,P,,95,95,
Publix Super Markets Inc.,"Lakeland, FL",P,,,,,,,,,,10,20,101
PulteGroup Inc.,"Atlanta, GA",P,,,,,,,,,,10,10,453
PVH Corp.,"New York, NY",F,F,F,F,F,F,,F,P,,85,85,351
Quaintance-Weaver Inc.,"Greensboro, NC",F,,F,F,F,,,F,P,,60,60,
QUALCOMM Inc.,"San Diego, CA",F,F,F,F,F,F,F,F,F,,100,100,113
Quanta Services,"Houston, TX",P,,,,,,,,,,10,10,361
Quantcast Corp,"San Francisco, CA",F,F,F,F,F,F,,F,,,75,,
Quarles & Brady LLP,"Milwaukee, WI",F,F,F,F,F,F,F,F,F,,100,100,
Quest Diagnostics Inc.,"Madison, NJ",F,F,F,F,F,F,F,F,F,,100,90,375
Quinn Emanuel Urquhart & Sullivan LLP,"London, CA",F,F,F,F,F,F,F,F,F,,100,95,
Quintiles Transnational,"Durham, NC",P,P,,,,,,,,,20,20,476
R.R. Donnelley & Sons Co.,"Chicago, IL",F,F,F,F,F,,F,F,F,,90,90,258
RadioShack Corp.,"Fort Worth, TX",F,,,F,F,,,P,,,40,40,761
Ralph Lauren Corp.,"New York, NY",F,F,F,F,F,,F,F,F,,90,90,374
Raymond James Financial Inc.,"St. Petersburg, FL",F,F,F,F,F,,F,F,P,,85,85,521
Raytheon Co.,"Waltham, MA",F,F,F,F,F,F,F,F,F,,100,100,129
Razorfish,"Seattle, WA",F,F,F,F,F,F,F,F,F,,100,100,
RB,"Parsippany, NJ",F,,F,F,P,,,P,P,,50,,
RBC Capital Markets LLC,"New York, NY",F,F,F,F,F,F,F,F,F,,100,100,
RBC Wealth Management,"Minneapolis, MN",F,F,F,F,F,F,F,F,F,,100,100,
RBS Securities Inc.,"Stamford, CT",F,F,F,F,F,,F,F,P,,85,75,
Re:Sources USA Inc.,"Long Island City, NY",F,F,F,F,F,F,F,F,F,,100,100,
Realogy Holdings Corp.,"Madison, NJ",F,F,F,F,F,,F,F,P,,85,75,488
Recreational Equipment Inc.,"Kent, WA",F,F,F,F,F,F,F,F,P,,95,95,
Redfin Corp.,"Seattle, WA",F,F,F,F,F,F,,F,P,,85,,
Reed Smith LLP,"Pittsburgh, PA",F,F,F,F,F,F,F,F,F,,100,100,
Regal Entertainment Group,"Knoxville, TN",F,F,F,F,F,,F,F,P,,85,85,757
Regions Financial Corp.,"Birmingham, AL",F,F,F,F,F,,F,F,P,,85,85,479
Reinsurance Group of America Inc.,"Chesterfield, MO",P,P,,,,,,,,,20,20,273
Reliance Steel & Aluminum Co.,"Los Angeles, CA",P,,,,,,,,,,10,10,283
Replacements Ltd.,"McLeansville, NC",F,F,F,F,F,F,F,F,F,,100,100,
Republic Services Inc.,"Phoenix, AZ",F,F,F,F,F,,F,F,P,,85,80,323
Reynolds American Inc.,"Winston-Salem, NC",F,F,F,F,F,,F,P,F,,85,80,337
Rite Aid Corp.,"Camp Hill, PA",F,F,F,F,F,,,F,,,65,65,117
Robert Half,"Menlo Park, CA",F,F,F,F,F,F,F,F,F,,100,85,552
Robert W. Baird & Co. Incorporated,"Milwaukee, WI",F,F,F,F,F,F,F,F,P,,95,95,
Robins Kaplan LLP,"Minneapolis, MN",F,F,F,F,F,F,F,F,F,,100,100,
Rockland Trust Co.,"Rockland, MA",F,F,F,F,F,F,F,F,F,,100,100,
Rockwell Automation Inc.,"Milwaukee, WI",F,F,F,F,F,F,F,F,F,,100,100,409
Rockwell Collins Inc.,"Cedar Rapids, IA",F,F,F,F,F,F,F,F,F,,100,100,507
Rolls-Royce North America (USA) Holdings Co.,"Reston, VA",F,F,F,F,F,F,,F,P,,85,60,
Ropes & Gray LLP,"Boston, MA",F,F,F,F,F,F,F,F,F,,100,100,
Rosetta LLC,"Hamilton, NJ",F,F,F,F,F,,,F,P,,75,75,
Ross Stores Inc.,"Dublin , CA",F,F,F,F,F,F,F,,F,,90,80,269
Royal Caribbean Cruises Ltd.,"Miami, FL",F,F,F,F,F,F,F,F,F,,100,100,
Ryder System Inc.,"Miami, FL",F,F,F,F,F,,F,F,P,,85,85,407
"Ryland Group Inc., The","Calabasas, CA",P,,,,P,,,,,,15,15,830
S&P Global Inc.,"New York, NY",F,F,F,F,F,F,F,F,F,,100,100,500
S.C. Johnson & Son Inc.,"Racine, WI",F,F,F,F,F,F,F,F,F,,100,100,
Saatchi & Saatchi North America Inc.,"New York, NY",F,F,F,F,F,F,F,F,F,,100,100,
Sabre Holdings Inc.,"Southlake, TX",F,F,F,F,P,,,F,P,,65,65,763
Salesforce,"San Francisco, CA",F,F,F,F,F,F,F,F,F,,100,95,483
Sanderson Farms Inc.,"Laurel, MS",F,F,F,F,F,,,,,,55,,803
SanDisk Corp.,"Milpitas, CA",P,P,,,,,,,,,20,20,408
Sanmina-SCI,"San Jose, CA",,,,,,,,,,,0,0,432
Sanofi,"Bridgewater, NJ",F,F,F,F,F,F,F,F,F,,100,95,
SAP America Inc.,"Newtown Square, PA",F,F,F,F,F,F,F,F,F,,100,100,
Sapient Corp.,"Boston, MA",F,F,F,F,F,F,F,F,F,,100,90,
Saul Ewing LLP,"Philadelphia, PA",F,F,F,F,F,F,F,F,P,,95,85,
Sbe,"Los Angeles, CA",F,F,,F,F,,F,P,P,,75,75,
Schiff Hardin LLP,"Chicago, IL",F,F,F,F,F,F,F,F,F,,100,100,
Scholastic Corp.,"New York, NY",F,F,F,F,F,,,F,P,,75,65,
"Schulte, Roth & Zabel LLP","New York, NY",F,F,F,F,F,F,F,F,P,,95,85,
Seaboard Corp.,"Shawnee Mission, KS",P,P,,,,,,,,,20,20,417
Seagate Technology LLC,"Scotts Valley, CA",P,P,,F,P,,,F,,,45,45,
Sealed Air Corp.,"Elmwood Park, NJ",P,P,,,,,,,,,20,20,366
Sears Holdings Corp.,"Hoffman Estates, IL",F,F,F,F,F,F,F,F,F,,100,100,99
Sedgwick LLP,"San Francisco, CA",F,F,F,F,F,F,F,F,F,,100,100,
Selective Insurance Group,"Branchville, NJ",P,P,F,F,P,,,F,P,,55,55,998
Sempra Energy,"San Diego, CA",F,F,F,F,F,F,F,F,F,,100,100,270
Severn Trent Services Inc.,"Fort Washington, PA",P,P,,F,P,,,,,,35,35,
Seyfarth Shaw LLP,"Chicago, IL",F,F,F,F,F,F,F,F,F,,100,100,
Shearman & Sterling LLP,"New York, NY",F,F,F,F,F,F,F,F,F,,100,100,
Shell Oil Co.,"Houston, TX",F,F,F,F,F,F,F,F,F,,100,100,
"Sheppard, Mullin, Richter & Hampton LLP","Los Angeles, CA",F,F,F,F,F,F,F,F,F,,100,100,
"Sherwin-Williams Co., The","Cleveland, OH",P,P,,,,,,,,,20,20,266
"Shook, Hardy & Bacon LLP","Kansas City, MO",F,F,F,F,F,F,F,F,F,,100,100,
Sidley Austin LLP,"Chicago, IL",F,F,F,F,F,F,F,F,F,,100,100,
Siemens,"Malvern, PA",F,F,F,F,F,F,,F,F,,90,,
Simpson Thacher & Bartlett LLP,"New York, NY",F,F,F,F,F,F,F,F,F,,100,100,
SIRIUS XM Radio Inc.,"New York, NY",F,F,F,F,F,F,F,F,F,,100,100,
"Skadden, Arps, Slate, Meagher & Flom LLP","New York, NY",F,F,F,F,F,F,F,F,F,,100,100,
SkyWest Airlines Inc.,"St. George, UT",F,F,F,F,F,,F,F,F,,90,90,
Slalom,"Seattle, WA",F,F,F,F,F,F,F,F,F,,100,100,
SLM Corp. (Sallie Mae),"Newark, DE",P,,,F,P,,,F,,,35,35,
Snell & Wilmer,"Phoenix, AZ",F,F,F,F,F,F,F,F,F,,100,85,
Sodexo Inc.,"Gaithersburg, MD",F,F,F,F,F,F,F,F,F,,100,100,
Software AG USA Inc.,"Reston, VA",P,P,F,F,F,,,F,P,,60,60,
Software House International,"Somerset, NJ",P,,,,,,,,,,10,10,
Sonic Automotive Inc.,"Charlotte, NC",,,,,,,,,,,0,0,315
Sonoco Products Company,"Hartsville, SC",F,F,F,F,F,,,F,F,,80,,516
Sony Computer Entertainment America LLC,"Foster City, CA",F,F,,F,F,F,F,F,,,80,80,
Sony Corporation of America,"New York, NY",F,F,F,F,F,F,F,F,F,,100,100,
Sony Electronics Inc.,"San Diego, CA",F,F,F,F,F,F,F,F,F,,100,100,
Sony Pictures Entertainment Inc.,"Culver City, CA",F,F,F,F,F,F,F,F,F,,100,100,
Southern California Edison Co.,"Rosemead, CA",F,F,F,F,F,F,F,F,F,,100,100,
Southern Co.,"Atlanta, GA",F,F,F,F,F,F,F,F,F,,100,85,163
Southwest Airlines Co.,"Dallas, TX",F,F,F,F,F,F,F,F,F,,100,100,161
SpartanNash,"Grand Rapids, MI",,,,,,,,,,,10,,359
Spectra Energy Corp.,"Houston, TX",F,F,F,F,F,,F,F,P,,85,85,449
Spirit AeroSystems Holdings,"Wichita, KS",,,,,,,,,,,0,,396
Sprint Corp.,"Overland Park, KS",F,F,F,F,F,F,F,F,F,,100,100,
Squire Patton Boggs,"Cleveland, OH",F,F,F,F,F,F,F,F,F,,100,100,
SRA International Inc.,"Fairfax, VA",F,F,F,F,F,,,F,F,,80,80,
St. Jude Medical Inc.,"St. Paul, MN",F,F,F,F,F,F,F,F,P,,95,95,466
Standard Insurance Company,"Portland, OR",F,F,F,F,F,F,F,F,F,,100,90,
Stanley Black & Decker Inc.,"New Britain, CT",F,F,F,,P,,,,P,,45,45,261
Staples Inc.,"Framingham, MA",F,F,F,F,F,F,F,F,F,,100,100,133
Starbucks Corp.,"Seattle, WA",F,F,F,F,F,F,F,F,F,,100,100,187
Starcom,"Chicago, IL",F,F,F,F,F,F,F,F,F,,100,,
Starwood Hotels & Resorts Worldwide,"Stamford, CT",F,F,F,F,F,F,F,F,F,,100,100,442
State Farm Group,"Bloomington, IL",F,F,F,F,F,F,F,F,F,,100,100,41
State Street Corp.,"Boston, MA",F,F,F,F,F,F,F,F,F,,100,100,278
Steel Dynamics Inc.,"Fort Wayne, IN",P,P,,,,,,,,,20,20,326
Steelcase Inc.,"Grand Rapids, MI",F,F,F,F,F,F,F,F,F,,100,100,759
Steptoe & Johnson LLP,"Washington, DC",F,F,F,F,F,F,,F,P,,85,85,
Stinson Leonard Street LLP,"Kansas City, MO",F,F,F,F,F,,F,F,F,,90,85,
Stoel Rives LLP,"Portland, OR",F,F,F,F,F,F,F,F,F,,100,95,
Stryker Corp.,"Kalamazoo, MI",F,F,F,F,F,F,F,F,F,,100,80,300
Subaru of America Inc.,"Cherry Hill, NJ",F,F,F,F,F,F,F,F,F,,100,85,
Sullivan & Cromwell LLP,"New York, NY",F,F,F,F,F,,F,F,P,,85,85,
Sun Life Financial Inc. (US),"Wellesley Hills, MA",F,F,F,F,F,F,F,F,F,,100,100,
SunPower Corp.,"San Jose, CA",F,F,F,F,F,F,,P,P,,75,75,748
SunTrust Banks Inc.,"Atlanta, GA",F,F,F,F,F,F,F,F,F,,100,100,327
Supervalu Inc.,"Eden Prairie, MN",F,F,,F,F,F,,F,P,,80,80,164
Sutherland Asbill & Brennan LLP,"Atlanta, GA",F,F,F,F,F,F,F,F,F,,100,100,
Symantec Corp.,"Mountain View, CA",F,F,F,F,F,F,F,F,F,,100,100,405
Synchrony Financial,"Stamford, CT",F,F,F,F,F,F,F,F,F,,100,100,
SYNNEX Corp.,"Fremont, CA",F,F,,F,,,,,,,40,40,220
SYSCO Corp.,"Houston, TX",F,F,F,F,F,,F,F,P,,80,70,61
T. Rowe Price Associates Inc.,"Baltimore, MD",F,F,F,F,F,F,F,F,F,,100,95,620
Tailored Brands Inc.,"Houston, TX",F,F,F,F,F,F,F,P,,,80,20,706
Takeda Pharmaceuticals USA Inc.,"Deerfield, IL",F,F,F,F,F,F,F,F,F,,100,,
Targa Resources Corp.,"Houston, TX",,,,,,,,,,,0,0,329
Target Corp.,"Minneapolis, MN",F,F,F,F,F,F,F,F,F,,100,100,36
TD Ameritrade,"Omaha, NE",F,F,F,F,F,F,F,F,F,,100,100,727
TD Bank N.A.,"Wilmington, DE",F,F,F,F,F,F,F,F,F,,100,100,
TD Securities (USA) LLC,"New York, NY",F,F,F,F,F,F,F,F,F,,100,100,
TE Connectivity Inc.,"Berwyn, PA",F,F,F,F,F,F,F,F,F,,100,90,
Tech Data Corp.,"Clearwater, FL",F,F,F,F,F,F,F,F,F,,100,100,107
TEGNA Inc.,"McLean, VA",F,F,F,F,F,F,F,F,F,,100,95,441
Tenet Healthcare Corporation,"Dallas, TX",F,F,,F,F,,,P,F,,70,65,170
Tenneco Inc.,"Lake Forest, IL",P,P,,,,,,,,,20,10,341
Terex Corp.,"Westport, CT",P,P,,F,F,,,,,,35,35,377
Tesla Motors Inc.,"Palo Alto, CA",F,F,F,F,F,F,F,F,F,,100,100,717
Tesoro Corp.,"San Antonio, TX",P,P,,F,F,,,,,,40,20,77
Teva Pharmaceutical USA Inc.,"North Wales, PA",F,F,F,F,F,,F,F,P,,85,,
Texas Instruments Inc.,"Dallas, TX",F,F,F,F,F,F,F,F,F,,100,85,233
Textron Inc.,"Providence, RI",F,,F,F,F,,,P,P,,55,55,219
The Advisory Board Co.,"Washington, DC",F,F,F,F,F,F,F,F,F,,100,,
The Bama Companies Inc.,"Tulsa, OK",P,P,F,F,F,F,F,F,P,,85,,
The Cosmopolitan of Las Vegas,"Las Vegas, NV",F,F,F,F,F,F,F,F,F,,100,100,
The Hain Celestial Group Inc.,"Lake Success, NY",F,F,F,F,F,,F,F,F,,90,90,967
Thermo Fisher Scientific Inc.,"Waltham, MA",F,F,F,F,F,F,F,F,F,,100,100,181
Thompson Coburn LLP,"St. Louis, MO",F,F,F,F,F,F,F,F,F,,100,100,
Thompson Hine LLP,"Cleveland, OH",F,F,F,F,F,F,F,F,F,,100,100,
Thomson Reuters,"New York, NY",F,F,F,F,F,F,F,F,F,,100,100,
Thrivent Financial,"Minneapolis, MN",F,F,F,F,F,F,,F,P,,85,85,333
TIAA,"New York, NY",F,F,F,F,F,F,F,F,F,,100,100,92
Tiffany & Co.,"New York, NY",F,F,F,F,F,F,F,F,P,,95,95,597
Time Warner Inc.,"New York, NY",F,F,F,F,F,F,F,F,F,,100,100,104
"TJX Companies Inc., The","Framingham, MA",F,F,F,F,F,F,F,F,F,,100,100,103
T-Mobile USA Inc.,"Bellevue, WA",F,F,F,F,F,F,F,F,F,,100,100,
Toyota North America Inc.,"Plano, TX",F,F,F,F,F,F,F,F,F,,100,100,
Toys ‰Û÷R‰Ûª Us Inc.,"Wayne, NJ",F,F,F,F,F,F,F,F,F,,100,75,245
Tractor Supply Company,"Brentwood, TN",,,,,,,,,,,0,0,460
"Transamerica Corp., The","Cedar Rapids, IA",F,F,F,F,F,,F,F,F,,90,90,
TravelCenters of America,"Westlake, OH",P,,,,,,,,,,10,10,365
"Travelers Companies Inc., The","New York, NY",F,F,F,F,F,F,F,F,F,,100,100,112
Travelport Ltd.,"Parsippany, NJ",P,P,,F,P,,,F,P,,50,50,
"Trinity Industries, Inc.","Dallas, TX",P,,,,,,,,,,10,,433
"Tropicana Las Vegas, The","Las Vegas, NV",F,F,F,F,F,,F,F,P,,85,85,
Troutman Sanders LLP,"Atlanta, GA",F,F,F,F,F,F,F,F,F,,100,100,
True Value Co.,"Chicago, IL",F,F,F,F,F,F,F,F,P,,95,85,
Truven Health Analytics Inc.,"Ann Arbor, MI",F,F,F,F,F,F,,F,P,,80,80,
TRW Automotive Holdings Corp.,"Livonia, MI",,,,,,,,P,,,10,10,175
Tufts Health Plan,"Watertown, MA",F,F,F,F,F,F,F,F,F,,100,,
Turner Construction Co.,"New York, NY",F,F,F,F,F,F,F,F,F,,100,100,
Twenty-First Century Fox,"New York, NY",P,,,,,,,,,,10,10,97
Twitter Inc.,"San Francisco, CA",F,F,F,F,F,F,F,F,F,,100,100,
Tyson Foods Inc.,"Springdale, AR",F,F,F,F,F,F,F,F,F,,100,85,83
U.S. Bancorp,"Minneapolis, MN",F,F,F,F,F,F,F,F,F,,100,100,138
Uber Technologies Inc.,"San Francisco, CA",F,F,F,F,F,F,F,F,F,,100,100,
UBM plc,"Manhasset, NY",P,,F,F,P,,,F,P,,45,45,
UBS AG,"New York, NY",F,F,F,F,F,F,F,F,F,,100,100,
UGI Corp.,"King of Prussia, PA",P,P,,,,,,,,,20,20,349
"Ultimate Software Group Inc., The","Weston, FL",F,F,F,F,F,F,F,F,F,,100,80,
Under Armour Inc.,"Baltimore, MD",F,F,F,F,F,F,F,F,P,,95,20,739
Unilever,"Englewood Cliffs, NJ",F,F,F,F,F,F,F,F,F,,100,100,
Union Bank,"New York, NY",F,F,F,F,F,F,F,F,F,,100,100,
Union Pacific Corp.,"Omaha, NE",F,F,F,F,F,,F,F,P,,85,85,123
Unisys Corp.,"Blue Bell, PA",P,P,,,,,,F,,,30,30,696
United Airlines,"Chicago, IL",F,F,F,F,F,F,F,F,F,,100,100,79
United Natural Foods Inc.,"Providence, RI",P,,,,,,,,,,10,10,397
United Parcel Service Inc.,"Atlanta, GA",F,F,F,F,F,F,F,F,F,,100,90,47
United Rentals Inc.,"Stamford, CT",P,P,,,,,,,,,20,,461
United Services Automobile Association,"San Antonio, TX",F,F,F,F,F,F,F,F,F,,100,85,122
United States Steel Corp.,"Pittsburgh, PA",P,,,,,,,,,,10,10,176
United Technologies Corp.,"Farmington, CT",F,F,F,F,F,F,F,F,F,,100,95,45
UnitedHealth Group Inc.,"Minnetonka, MN",F,F,F,F,F,F,F,F,P,,95,95,14
Universal Health Services,"King of Prussia, PA",P,,,,,,,,,,10,10,324
Unum Group,"Chattanooga, TN",F,F,F,F,F,,F,P,P,,80,60,279
Urban Outfitters Inc.,"Philadelphia, PA",F,F,F,F,F,F,,F,P,,85,10,701
US Foods Inc.,"Rosemont, IL",F,F,F,F,F,F,,P,P,,75,75,128
USG Corp.,"Chicago, IL",F,F,F,F,F,,,P,P,,65,65,653
Valero Energy Corp.,"San Antonio, TX",P,P,,,,,,,,,20,10,13
Vanguard Group Inc.,"Malvern, PA",F,F,F,F,F,F,F,F,F,,100,100,
Veritas Technologies LLC,"Mountain View, CA",F,F,F,F,F,F,,F,P,,85,,
Verizon Communications Inc.,"New York, NY",F,F,F,F,F,F,F,F,F,,100,85,15
VF Corp.,"Greensboro, NC",F,F,F,F,F,F,F,F,F,,100,85,248
Viacom Inc.,"New York, NY",F,F,F,F,F,F,F,F,F,,100,100,222
Vinson & Elkins LLP,"Houston, TX",F,F,F,F,F,F,F,F,F,,100,100,
Virgin America,"Burlingame, CA",F,F,F,F,F,F,F,F,P,,95,90,
Visa,"Foster City, CA",F,F,F,F,F,F,F,F,F,,100,100,238
Visteon Corp.,"Van Buren Township, MI",F,F,F,F,F,F,F,F,P,,95,95,344
VMware Inc.,"Palo Alto, CA",F,F,F,F,F,F,F,F,P,,95,,
Volkswagen Group of America Inc.,"Herndon, VA",F,F,F,F,F,F,F,F,F,,100,100,
"Vorys, Sater, Seymour and Pease LLP","Columbus, OH",F,F,F,F,F,,F,F,P,,85,75,
Vox Media Inc.,"Washington, DC",F,F,F,F,F,F,F,F,P,,95,,
Voya Financial,"New York, NY",F,F,F,F,F,F,F,F,F,,100,100,268
W.R. Berkley,"Greenwich, CT",P,P,,,,,,,,,20,20,385
W.W. Grainger Inc.,"Lake Forest, IL",F,F,F,F,F,F,F,F,F,,100,100,290
"Wachtell, Lipton, Rosen & Katz","New York, NY",F,F,F,F,F,F,F,F,F,,100,100,
Waddell & Reed Financial Inc.,"Overland Park, KS",F,F,F,F,F,F,,P,P,,80,75,
Walgreen Co.,"Deerfield, IL",F,F,F,F,F,F,F,F,F,,100,100,35
Wal-Mart Stores Inc.,"Bentonville, AR",F,F,F,F,F,F,F,F,F,,100,90,1
"Walt Disney Co., The","Burbank, CA",F,F,F,F,F,F,F,F,F,,100,100,57
Waste Management Inc.,"Houston, TX",F,F,F,F,F,,F,F,F,,90,90,217
Wawa Inc.,"Wawa, PA",F,F,F,F,F,F,F,F,F,,100,90,
WEC Energy Group,"Milwaukee, WI",F,F,F,F,F,,,F,P,,75,60,519
WeddingWire Inc.,"Chevy Chase, MD",F,F,F,F,F,F,F,F,F,,100,100,
"Weil, Gotshal & Manges LLP","New York, NY",F,F,F,F,F,F,F,F,F,,100,100,
WellCare Health Plans Inc.,"Tampa, FL",P,P,,,,,,,,,20,20,234
Wellmark Inc.,"Des Moines, IA",F,F,F,F,F,F,F,F,F,,100,90,
Wells Fargo & Co.,"San Francisco, CA",F,F,F,F,F,F,F,F,F,,100,100,30
"Wendy‰Ûªs Co., The","Dublin, OH",F,F,,F,F,,,F,P,,70,65,993
WESCO International Inc.,"Pittsburgh, PA",F,F,F,F,F,,,,,,55,10,360
Western & Southern Financial Group,"Cincinnati, OH",,,,,,,,,,,0,0,481
Western Digital Corp.,"Irvine, CA",P,P,,,,,,,,,20,20,205
Western Refining Inc.,"El Paso, TX",P,,,,,,,,,,10,10,204
"Western Union Co., The","Englewood, CO",P,P,,,,,,,,,20,20,468
WestRock,"Norcross, GA",F,F,F,F,F,,,P,P,,70,,
Weyerhaeuser Co.,"Federal Way, WA",F,F,F,F,F,F,F,F,P,,95,95,355
Whirlpool Corp.,"Benton Harbor, MI",F,F,F,F,F,F,F,F,F,,100,100,148
White & Case LLP,"New York, NY",F,F,F,F,F,F,F,F,F,,100,100,
"WhiteWave Foods Co., The","Denver, CO",F,F,F,F,F,F,F,F,F,,100,100,686
Whole Foods Market Inc.,"Austin, TX",F,F,F,F,F,,F,F,P,,85,85,214
Wiley Rein LLP,"Washington, DC",F,F,F,F,F,F,F,F,F,,100,100,
Williams Companies Inc.,"Tulsa, OK",F,F,F,F,F,,,F,F,,80,85,370
Williams Mullen PC,"Richmond, VA",F,F,F,F,F,F,F,F,P,,95,85,
Williams-Sonoma Inc.,"San Francisco, CA",F,F,F,F,F,,F,F,F,,90,90,551
Willis Towers Watson,"Arlington, VA",F,F,F,F,F,F,F,F,F,,100,100,676
Willkie Farr & Gallagher LLP,"New York, NY",F,F,F,F,F,F,F,F,P,,95,55,
Wilmer Cutler Pickering Hale & Dorr LLP,"Washington, DC",F,F,F,F,F,F,F,F,F,,100,100,
Wilson Sonsini Goodrich & Rosati PC,"Palo Alto, CA",F,F,F,F,F,,F,F,P,,85,80,
Windstream Corp.,"Little Rock, AR",P,P,,,,,,,,,20,20,452
Winn-Dixie Stores Inc.,"Jacksonville, FL",F,,,F,F,,,F,,,45,40,
Winston & Strawn LLP,"Chicago, IL",F,F,F,F,F,F,F,F,F,,100,100,
Womble Carlyle Sandridge & Rice LLP,"Winston-Salem, NC",F,F,F,F,F,F,F,F,F,,100,100,
World Fuel Services,"Miami, FL",P,P,,,,,,,,,20,20,68
WPP Group USA,"New York, NY",F,F,F,F,F,,F,F,P,,85,80,
Wyndham Worldwide Corp.,"Parsippany, NJ",F,F,F,F,F,F,F,F,F,,100,95,497
Wynn Resorts Ltd.,"Las Vegas, NV",F,F,F,F,F,F,F,F,F,,100,100,477
Xcel Energy Inc.,"Minneapolis, MN",F,F,F,F,F,F,F,F,F,,100,90,255
Xerox Corp.,"Norwalk, CT",F,F,F,F,F,F,F,F,F,,100,100,143
Xylem Inc.,"Rye Brook, NY",F,F,F,F,F,,,P,P,,65,65,626
Yahoo! Inc.,"Sunnyvale, CA",F,F,F,F,F,F,F,F,F,,100,100,561
Yelp Inc.,"San Francisco, CA",F,F,F,F,F,F,F,F,F,,100,100,
Young‰Ûªs Market Co.,"Tustin, CA",F,F,F,F,F,,F,F,P,,85,80,
YRC Worldwide Inc.,"Overland Park, KS",P,,F,,,,,,P,,20,20,510
Yum! Brands Inc.,"Louisville, KY",F,F,F,F,F,,,F,F,,80,80,228
Zenith Media Services Inc.,"New York, NY",F,F,F,F,F,F,F,F,F,,100,,
Zurich North America,"Schaumburg, IL",F,F,F,F,F,,,F,P,,75,75,